0.00,1.8000E-02,5.4000E-02,1.2600E-01,3.6000E-02,1.0350E-01,2.2500E-01,7.2000E-02,2.0250E-01,4.0500E-01,1.4400E-01,4.0500E-01,6.3000E-01,
0.01,2.0200E-02,6.0600E-02,1.4140E-01,4.0400E-02,1.1615E-01,2.5250E-01,8.0800E-02,2.2725E-01,4.5450E-01,1.6160E-01,4.5450E-01,7.0700E-01,
0.02,2.2400E-02,6.7200E-02,1.5680E-01,4.4800E-02,1.2880E-01,2.8000E-01,8.9600E-02,2.5200E-01,5.0400E-01,1.7920E-01,5.0400E-01,7.8400E-01,
0.03,2.4600E-02,7.3800E-02,1.7220E-01,4.9200E-02,1.4145E-01,3.0750E-01,9.8400E-02,2.7675E-01,5.5350E-01,1.9680E-01,5.5350E-01,8.6100E-01,
0.04,2.6800E-02,8.0400E-02,1.8760E-01,5.3600E-02,1.5410E-01,3.3500E-01,1.0720E-01,3.0150E-01,6.0300E-01,2.1440E-01,6.0300E-01,9.3800E-01,
0.05,2.9000E-02,8.7000E-02,2.0300E-01,5.8000E-02,1.6675E-01,3.6250E-01,1.1600E-01,3.2625E-01,6.5250E-01,2.3200E-01,6.5250E-01,1.0150E+00,
0.06,3.1200E-02,9.3600E-02,2.1840E-01,6.2400E-02,1.7940E-01,3.9000E-01,1.2480E-01,3.5100E-01,7.0200E-01,2.4960E-01,7.0200E-01,1.0920E+00,
0.07,3.3400E-02,1.0020E-01,2.3380E-01,6.6800E-02,1.9205E-01,4.1750E-01,1.3360E-01,3.7575E-01,7.5150E-01,2.6720E-01,7.5150E-01,1.1690E+00,
0.08,3.5600E-02,1.0680E-01,2.4920E-01,7.1200E-02,2.0470E-01,4.4500E-01,1.4240E-01,4.0050E-01,8.0100E-01,2.8480E-01,8.0100E-01,1.2460E+00,
0.09,3.7800E-02,1.1340E-01,2.6460E-01,7.5600E-02,2.1735E-01,4.7250E-01,1.5120E-01,4.2525E-01,8.5050E-01,3.0240E-01,8.5050E-01,1.3230E+00,
0.10,4.0000E-02,1.2000E-01,2.8000E-01,8.0000E-02,2.3000E-01,5.0000E-01,1.6000E-01,4.5000E-01,9.0000E-01,3.2000E-01,9.0000E-01,1.4000E+00,
0.11,4.0000E-02,1.2000E-01,2.8000E-01,8.0000E-02,2.3000E-01,5.0000E-01,1.6000E-01,4.5000E-01,9.0000E-01,3.2000E-01,9.0000E-01,1.4000E+00,
0.12,4.0000E-02,1.2000E-01,2.8000E-01,8.0000E-02,2.3000E-01,5.0000E-01,1.6000E-01,4.5000E-01,9.0000E-01,3.2000E-01,9.0000E-01,1.4000E+00,
0.13,4.0000E-02,1.2000E-01,2.8000E-01,8.0000E-02,2.3000E-01,5.0000E-01,1.6000E-01,4.5000E-01,9.0000E-01,3.2000E-01,9.0000E-01,1.4000E+00,
0.14,4.0000E-02,1.2000E-01,2.8000E-01,8.0000E-02,2.3000E-01,5.0000E-01,1.6000E-01,4.5000E-01,9.0000E-01,3.2000E-01,9.0000E-01,1.4000E+00,
0.15,4.0000E-02,1.2000E-01,2.8000E-01,8.0000E-02,2.3000E-01,5.0000E-01,1.6000E-01,4.5000E-01,9.0000E-01,3.2000E-01,9.0000E-01,1.4000E+00,
0.16,4.0000E-02,1.2000E-01,2.8000E-01,8.0000E-02,2.3000E-01,5.0000E-01,1.6000E-01,4.5000E-01,9.0000E-01,3.2000E-01,9.0000E-01,1.4000E+00,
0.17,4.0000E-02,1.2000E-01,2.8000E-01,8.0000E-02,2.3000E-01,5.0000E-01,1.6000E-01,4.5000E-01,9.0000E-01,3.2000E-01,9.0000E-01,1.4000E+00,
0.18,4.0000E-02,1.2000E-01,2.8000E-01,8.0000E-02,2.3000E-01,5.0000E-01,1.6000E-01,4.5000E-01,9.0000E-01,3.2000E-01,9.0000E-01,1.4000E+00,
0.19,4.0000E-02,1.2000E-01,2.8000E-01,8.0000E-02,2.3000E-01,5.0000E-01,1.6000E-01,4.5000E-01,9.0000E-01,3.2000E-01,9.0000E-01,1.4000E+00,
0.20,4.0000E-02,1.2000E-01,2.8000E-01,8.0000E-02,2.3000E-01,5.0000E-01,1.6000E-01,4.5000E-01,9.0000E-01,3.2000E-01,9.0000E-01,1.4000E+00,
0.21,4.0000E-02,1.2000E-01,2.8000E-01,8.0000E-02,2.3000E-01,5.0000E-01,1.6000E-01,4.5000E-01,9.0000E-01,3.2000E-01,9.0000E-01,1.4000E+00,
0.22,4.0000E-02,1.2000E-01,2.8000E-01,8.0000E-02,2.3000E-01,5.0000E-01,1.6000E-01,4.5000E-01,9.0000E-01,3.2000E-01,9.0000E-01,1.4000E+00,
0.23,4.0000E-02,1.2000E-01,2.8000E-01,8.0000E-02,2.3000E-01,5.0000E-01,1.6000E-01,4.5000E-01,9.0000E-01,3.2000E-01,9.0000E-01,1.4000E+00,
0.24,4.0000E-02,1.2000E-01,2.8000E-01,8.0000E-02,2.3000E-01,5.0000E-01,1.6000E-01,4.5000E-01,9.0000E-01,3.2000E-01,9.0000E-01,1.4000E+00,
0.25,4.0000E-02,1.2000E-01,2.8000E-01,8.0000E-02,2.3000E-01,5.0000E-01,1.6000E-01,4.5000E-01,9.0000E-01,3.2000E-01,9.0000E-01,1.4000E+00,
0.26,4.0000E-02,1.2000E-01,2.8000E-01,8.0000E-02,2.3000E-01,5.0000E-01,1.6000E-01,4.5000E-01,9.0000E-01,3.2000E-01,9.0000E-01,1.4000E+00,
0.27,4.0000E-02,1.2000E-01,2.8000E-01,8.0000E-02,2.3000E-01,5.0000E-01,1.6000E-01,4.5000E-01,9.0000E-01,3.2000E-01,9.0000E-01,1.4000E+00,
0.28,4.0000E-02,1.2000E-01,2.8000E-01,8.0000E-02,2.3000E-01,5.0000E-01,1.6000E-01,4.5000E-01,9.0000E-01,3.2000E-01,9.0000E-01,1.4000E+00,
0.29,4.0000E-02,1.2000E-01,2.8000E-01,8.0000E-02,2.3000E-01,5.0000E-01,1.6000E-01,4.5000E-01,9.0000E-01,3.2000E-01,9.0000E-01,1.4000E+00,
0.30,4.0000E-02,1.2000E-01,2.8000E-01,8.0000E-02,2.3000E-01,5.0000E-01,1.6000E-01,4.5000E-01,9.0000E-01,3.2000E-01,9.0000E-01,1.4000E+00,
0.31,4.0000E-02,1.2000E-01,2.8000E-01,8.0000E-02,2.3000E-01,5.0000E-01,1.6000E-01,4.5000E-01,9.0000E-01,3.2000E-01,9.0000E-01,1.4000E+00,
0.32,4.0000E-02,1.2000E-01,2.8000E-01,8.0000E-02,2.3000E-01,5.0000E-01,1.6000E-01,4.5000E-01,9.0000E-01,3.2000E-01,9.0000E-01,1.4000E+00,
0.33,4.0000E-02,1.2000E-01,2.8000E-01,8.0000E-02,2.3000E-01,5.0000E-01,1.6000E-01,4.5000E-01,9.0000E-01,3.2000E-01,9.0000E-01,1.4000E+00,
0.34,4.0000E-02,1.2000E-01,2.8000E-01,8.0000E-02,2.3000E-01,5.0000E-01,1.6000E-01,4.5000E-01,9.0000E-01,3.2000E-01,9.0000E-01,1.4000E+00,
0.35,4.0000E-02,1.2000E-01,2.8000E-01,8.0000E-02,2.3000E-01,5.0000E-01,1.6000E-01,4.5000E-01,9.0000E-01,3.2000E-01,9.0000E-01,1.4000E+00,
0.36,4.0000E-02,1.2000E-01,2.8000E-01,8.0000E-02,2.3000E-01,5.0000E-01,1.6000E-01,4.5000E-01,9.0000E-01,3.2000E-01,9.0000E-01,1.4000E+00,
0.37,4.0000E-02,1.2000E-01,2.8000E-01,8.0000E-02,2.3000E-01,5.0000E-01,1.6000E-01,4.5000E-01,9.0000E-01,3.2000E-01,9.0000E-01,1.4000E+00,
0.38,4.0000E-02,1.2000E-01,2.8000E-01,8.0000E-02,2.3000E-01,5.0000E-01,1.6000E-01,4.5000E-01,9.0000E-01,3.2000E-01,9.0000E-01,1.4000E+00,
0.39,4.0000E-02,1.2000E-01,2.8000E-01,8.0000E-02,2.3000E-01,5.0000E-01,1.6000E-01,4.5000E-01,9.0000E-01,3.2000E-01,9.0000E-01,1.4000E+00,
0.40,4.0000E-02,1.2000E-01,2.8000E-01,8.0000E-02,2.3000E-01,5.0000E-01,1.6000E-01,4.5000E-01,9.0000E-01,3.2000E-01,9.0000E-01,1.4000E+00,
0.41,4.0000E-02,1.2000E-01,2.8000E-01,8.0000E-02,2.3000E-01,5.0000E-01,1.6000E-01,4.5000E-01,9.0000E-01,3.2000E-01,9.0000E-01,1.4000E+00,
0.42,4.0000E-02,1.2000E-01,2.8000E-01,8.0000E-02,2.3000E-01,5.0000E-01,1.6000E-01,4.5000E-01,9.0000E-01,3.2000E-01,9.0000E-01,1.4000E+00,
0.43,4.0000E-02,1.2000E-01,2.8000E-01,8.0000E-02,2.3000E-01,5.0000E-01,1.6000E-01,4.5000E-01,9.0000E-01,3.2000E-01,9.0000E-01,1.4000E+00,
0.44,4.0000E-02,1.2000E-01,2.8000E-01,8.0000E-02,2.3000E-01,5.0000E-01,1.6000E-01,4.5000E-01,9.0000E-01,3.2000E-01,9.0000E-01,1.4000E+00,
0.45,4.0000E-02,1.2000E-01,2.8000E-01,8.0000E-02,2.3000E-01,5.0000E-01,1.6000E-01,4.5000E-01,9.0000E-01,3.2000E-01,9.0000E-01,1.4000E+00,
0.46,4.0000E-02,1.2000E-01,2.8000E-01,8.0000E-02,2.3000E-01,5.0000E-01,1.6000E-01,4.5000E-01,9.0000E-01,3.2000E-01,9.0000E-01,1.4000E+00,
0.47,4.0000E-02,1.2000E-01,2.8000E-01,8.0000E-02,2.3000E-01,5.0000E-01,1.6000E-01,4.5000E-01,9.0000E-01,3.2000E-01,9.0000E-01,1.4000E+00,
0.48,4.0000E-02,1.2000E-01,2.8000E-01,8.0000E-02,2.3000E-01,5.0000E-01,1.6000E-01,4.5000E-01,9.0000E-01,3.2000E-01,9.0000E-01,1.4000E+00,
0.49,4.0000E-02,1.2000E-01,2.8000E-01,8.0000E-02,2.3000E-01,5.0000E-01,1.6000E-01,4.5000E-01,9.0000E-01,3.2000E-01,9.0000E-01,1.4000E+00,
0.50,4.0000E-02,1.2000E-01,2.8000E-01,8.0000E-02,2.3000E-01,5.0000E-01,1.6000E-01,4.5000E-01,9.0000E-01,3.2000E-01,9.0000E-01,1.4000E+00,
0.51,4.0000E-02,1.2000E-01,2.8000E-01,8.0000E-02,2.3000E-01,5.0000E-01,1.6000E-01,4.5000E-01,9.0000E-01,3.2000E-01,9.0000E-01,1.4000E+00,
0.52,4.0000E-02,1.2000E-01,2.8000E-01,8.0000E-02,2.3000E-01,5.0000E-01,1.6000E-01,4.5000E-01,9.0000E-01,3.2000E-01,9.0000E-01,1.4000E+00,
0.53,4.0000E-02,1.2000E-01,2.8000E-01,8.0000E-02,2.3000E-01,5.0000E-01,1.6000E-01,4.5000E-01,9.0000E-01,3.2000E-01,9.0000E-01,1.4000E+00,
0.54,4.0000E-02,1.2000E-01,2.8000E-01,8.0000E-02,2.3000E-01,5.0000E-01,1.6000E-01,4.5000E-01,9.0000E-01,3.2000E-01,9.0000E-01,1.4000E+00,
0.55,4.0000E-02,1.2000E-01,2.8000E-01,8.0000E-02,2.3000E-01,5.0000E-01,1.6000E-01,4.5000E-01,9.0000E-01,3.2000E-01,9.0000E-01,1.4000E+00,
0.56,3.9357E-02,1.1807E-01,2.7550E-01,7.8713E-02,2.2630E-01,4.9196E-01,1.5743E-01,4.4276E-01,8.8552E-01,3.1485E-01,8.8552E-01,1.3775E+00,
0.57,3.8735E-02,1.1620E-01,2.7114E-01,7.7469E-02,2.2272E-01,4.8418E-01,1.5494E-01,4.3576E-01,8.7153E-01,3.0988E-01,8.7153E-01,1.3557E+00,
0.58,3.8133E-02,1.1440E-01,2.6693E-01,7.6266E-02,2.1926E-01,4.7666E-01,1.5253E-01,4.2900E-01,8.5799E-01,3.0506E-01,8.5799E-01,1.3347E+00,
0.59,3.7551E-02,1.1265E-01,2.6286E-01,7.5102E-02,2.1592E-01,4.6939E-01,1.5020E-01,4.2245E-01,8.4489E-01,3.0041E-01,8.4489E-01,1.3143E+00,
0.60,3.6987E-02,1.1096E-01,2.5891E-01,7.3974E-02,2.1268E-01,4.6234E-01,1.4795E-01,4.1610E-01,8.3221E-01,2.9590E-01,8.3221E-01,1.2945E+00,
0.61,3.6441E-02,1.0932E-01,2.5509E-01,7.2882E-02,2.0954E-01,4.5551E-01,1.4576E-01,4.0996E-01,8.1992E-01,2.9153E-01,8.1992E-01,1.2754E+00,
0.62,3.5912E-02,1.0773E-01,2.5138E-01,7.1823E-02,2.0649E-01,4.4889E-01,1.4365E-01,4.0400E-01,8.0801E-01,2.8729E-01,8.0801E-01,1.2569E+00,
0.63,3.5398E-02,1.0619E-01,2.4779E-01,7.0796E-02,2.0354E-01,4.4248E-01,1.4159E-01,3.9823E-01,7.9646E-01,2.8318E-01,7.9646E-01,1.2389E+00,
0.64,3.4900E-02,1.0470E-01,2.4430E-01,6.9800E-02,2.0067E-01,4.3625E-01,1.3960E-01,3.9262E-01,7.8525E-01,2.7920E-01,7.8525E-01,1.2215E+00,
0.65,3.4416E-02,1.0325E-01,2.4091E-01,6.8833E-02,1.9789E-01,4.3020E-01,1.3767E-01,3.8718E-01,7.7437E-01,2.7533E-01,7.7437E-01,1.2046E+00,
0.66,3.3947E-02,1.0184E-01,2.3763E-01,6.7893E-02,1.9519E-01,4.2433E-01,1.3579E-01,3.8190E-01,7.6380E-01,2.7157E-01,7.6380E-01,1.1881E+00,
0.67,3.3490E-02,1.0047E-01,2.3443E-01,6.6981E-02,1.9257E-01,4.1863E-01,1.3396E-01,3.7677E-01,7.5353E-01,2.6792E-01,7.5353E-01,1.1722E+00,
0.68,3.3047E-02,9.9140E-02,2.3133E-01,6.6093E-02,1.9002E-01,4.1308E-01,1.3219E-01,3.7178E-01,7.4355E-01,2.6437E-01,7.4355E-01,1.1566E+00,
0.69,3.2615E-02,9.7846E-02,2.2831E-01,6.5231E-02,1.8754E-01,4.0769E-01,1.3046E-01,3.6692E-01,7.3385E-01,2.6092E-01,7.3385E-01,1.1415E+00,
0.70,3.2196E-02,9.6587E-02,2.2537E-01,6.4391E-02,1.8513E-01,4.0245E-01,1.2878E-01,3.6220E-01,7.2440E-01,2.5757E-01,7.2440E-01,1.1269E+00,
0.71,3.1787E-02,9.5362E-02,2.2251E-01,6.3575E-02,1.8278E-01,3.9734E-01,1.2715E-01,3.5761E-01,7.1521E-01,2.5430E-01,7.1521E-01,1.1126E+00,
0.72,3.1390E-02,9.4169E-02,2.1973E-01,6.2779E-02,1.8049E-01,3.9237E-01,1.2556E-01,3.5313E-01,7.0627E-01,2.5112E-01,7.0627E-01,1.0986E+00,
0.73,3.1002E-02,9.3007E-02,2.1702E-01,6.2005E-02,1.7826E-01,3.8753E-01,1.2401E-01,3.4878E-01,6.9755E-01,2.4802E-01,6.9755E-01,1.0851E+00,
0.74,3.0625E-02,9.1875E-02,2.1438E-01,6.1250E-02,1.7609E-01,3.8281E-01,1.2250E-01,3.4453E-01,6.8907E-01,2.4500E-01,6.8907E-01,1.0719E+00,
0.75,3.0257E-02,9.0772E-02,2.1180E-01,6.0515E-02,1.7398E-01,3.7822E-01,1.2103E-01,3.4040E-01,6.8079E-01,2.4206E-01,6.8079E-01,1.0590E+00,
0.76,2.9899E-02,8.9696E-02,2.0929E-01,5.9798E-02,1.7192E-01,3.7374E-01,1.1960E-01,3.3636E-01,6.7272E-01,2.3919E-01,6.7272E-01,1.0465E+00,
0.77,2.9549E-02,8.8647E-02,2.0684E-01,5.9098E-02,1.6991E-01,3.6936E-01,1.1820E-01,3.3243E-01,6.6486E-01,2.3639E-01,6.6486E-01,1.0342E+00,
0.78,2.9208E-02,8.7624E-02,2.0446E-01,5.8416E-02,1.6795E-01,3.6510E-01,1.1683E-01,3.2859E-01,6.5718E-01,2.3366E-01,6.5718E-01,1.0223E+00,
0.79,2.8875E-02,8.6625E-02,2.0213E-01,5.7750E-02,1.6603E-01,3.6094E-01,1.1550E-01,3.2484E-01,6.4969E-01,2.3100E-01,6.4969E-01,1.0106E+00,
0.80,2.8550E-02,8.5650E-02,1.9985E-01,5.7100E-02,1.6416E-01,3.5687E-01,1.1420E-01,3.2119E-01,6.4237E-01,2.2840E-01,6.4237E-01,9.9925E-01,
0.81,2.8233E-02,8.4698E-02,1.9763E-01,5.6465E-02,1.6234E-01,3.5291E-01,1.1293E-01,3.1762E-01,6.3523E-01,2.2586E-01,6.3523E-01,9.8814E-01,
0.82,2.7922E-02,8.3767E-02,1.9546E-01,5.5845E-02,1.6055E-01,3.4903E-01,1.1169E-01,3.1413E-01,6.2826E-01,2.2338E-01,6.2826E-01,9.7729E-01,
0.83,2.7620E-02,8.2859E-02,1.9334E-01,5.5239E-02,1.5881E-01,3.4524E-01,1.1048E-01,3.1072E-01,6.2144E-01,2.2096E-01,6.2144E-01,9.6668E-01,
0.84,2.7323E-02,8.1970E-02,1.9126E-01,5.4647E-02,1.5711E-01,3.4154E-01,1.0929E-01,3.0739E-01,6.1478E-01,2.1859E-01,6.1478E-01,9.5632E-01,
0.85,2.7034E-02,8.1102E-02,1.8924E-01,5.4068E-02,1.5545E-01,3.3792E-01,1.0814E-01,3.0413E-01,6.0826E-01,2.1627E-01,6.0826E-01,9.4619E-01,
0.86,2.6751E-02,8.0253E-02,1.8726E-01,5.3502E-02,1.5382E-01,3.3439E-01,1.0700E-01,3.0095E-01,6.0189E-01,2.1401E-01,6.0189E-01,9.3628E-01,
0.87,2.6474E-02,7.9422E-02,1.8532E-01,5.2948E-02,1.5223E-01,3.3092E-01,1.0590E-01,2.9783E-01,5.9566E-01,2.1179E-01,5.9566E-01,9.2659E-01,
0.88,2.6203E-02,7.8609E-02,1.8342E-01,5.2406E-02,1.5067E-01,3.2754E-01,1.0481E-01,2.9478E-01,5.8957E-01,2.0962E-01,5.8957E-01,9.1711E-01,
0.89,2.5938E-02,7.7814E-02,1.8157E-01,5.1876E-02,1.4914E-01,3.2422E-01,1.0375E-01,2.9180E-01,5.8360E-01,2.0750E-01,5.8360E-01,9.0783E-01,
0.90,2.5678E-02,7.7035E-02,1.7975E-01,5.1357E-02,1.4765E-01,3.2098E-01,1.0271E-01,2.8888E-01,5.7776E-01,2.0543E-01,5.7776E-01,8.9874E-01,
0.91,2.5424E-02,7.6273E-02,1.7797E-01,5.0849E-02,1.4619E-01,3.1780E-01,1.0170E-01,2.8602E-01,5.7205E-01,2.0339E-01,5.7205E-01,8.8985E-01,
0.92,2.5175E-02,7.5526E-02,1.7623E-01,5.0351E-02,1.4476E-01,3.1469E-01,1.0070E-01,2.8322E-01,5.6645E-01,2.0140E-01,5.6645E-01,8.8114E-01,
0.93,2.4932E-02,7.4795E-02,1.7452E-01,4.9863E-02,1.4336E-01,3.1165E-01,9.9727E-02,2.8048E-01,5.6096E-01,1.9945E-01,5.6096E-01,8.7261E-01,
0.94,2.4693E-02,7.4079E-02,1.7285E-01,4.9386E-02,1.4198E-01,3.0866E-01,9.8771E-02,2.7779E-01,5.5559E-01,1.9754E-01,5.5559E-01,8.6425E-01,
0.95,2.4459E-02,7.3376E-02,1.7121E-01,4.8918E-02,1.4064E-01,3.0574E-01,9.7835E-02,2.7516E-01,5.5032E-01,1.9567E-01,5.5032E-01,8.5606E-01,
0.96,2.4229E-02,7.2688E-02,1.6961E-01,4.8459E-02,1.3932E-01,3.0287E-01,9.6918E-02,2.7258E-01,5.4516E-01,1.9384E-01,5.4516E-01,8.4803E-01,
0.97,2.4004E-02,7.2013E-02,1.6803E-01,4.8009E-02,1.3803E-01,3.0006E-01,9.6018E-02,2.7005E-01,5.4010E-01,1.9204E-01,5.4010E-01,8.4016E-01,
0.98,2.3784E-02,7.1352E-02,1.6649E-01,4.7568E-02,1.3676E-01,2.9730E-01,9.5136E-02,2.6757E-01,5.3514E-01,1.9027E-01,5.3514E-01,8.3244E-01,
0.99,2.3568E-02,7.0703E-02,1.6497E-01,4.7135E-02,1.3551E-01,2.9459E-01,9.4270E-02,2.6514E-01,5.3027E-01,1.8854E-01,5.3027E-01,8.2486E-01,
1.00,2.3355E-02,7.0066E-02,1.6349E-01,4.6711E-02,1.3429E-01,2.9194E-01,9.3421E-02,2.6275E-01,5.2550E-01,1.8684E-01,5.2550E-01,8.1744E-01,
1.01,2.3147E-02,6.9441E-02,1.6203E-01,4.6294E-02,1.3310E-01,2.8934E-01,9.2589E-02,2.6041E-01,5.2081E-01,1.8518E-01,5.2081E-01,8.1015E-01,
1.02,2.2943E-02,6.8828E-02,1.6060E-01,4.5886E-02,1.3192E-01,2.8678E-01,9.1771E-02,2.5811E-01,5.1621E-01,1.8354E-01,5.1621E-01,8.0300E-01,
1.03,2.2742E-02,6.8227E-02,1.5920E-01,4.5484E-02,1.3077E-01,2.8428E-01,9.0969E-02,2.5585E-01,5.1170E-01,1.8194E-01,5.1170E-01,7.9598E-01,
1.04,2.2545E-02,6.7636E-02,1.5782E-01,4.5091E-02,1.2964E-01,2.8182E-01,9.0181E-02,2.5363E-01,5.0727E-01,1.8036E-01,5.0727E-01,7.8909E-01,
1.05,2.2352E-02,6.7056E-02,1.5646E-01,4.4704E-02,1.2852E-01,2.7940E-01,8.9408E-02,2.5146E-01,5.0292E-01,1.7882E-01,5.0292E-01,7.8232E-01,
1.06,2.2162E-02,6.6486E-02,1.5513E-01,4.4324E-02,1.2743E-01,2.7703E-01,8.8648E-02,2.4932E-01,4.9865E-01,1.7730E-01,4.9865E-01,7.7567E-01,
1.07,2.1976E-02,6.5927E-02,1.5383E-01,4.3951E-02,1.2636E-01,2.7470E-01,8.7902E-02,2.4723E-01,4.9445E-01,1.7580E-01,4.9445E-01,7.6915E-01,
1.08,2.1792E-02,6.5377E-02,1.5255E-01,4.3585E-02,1.2531E-01,2.7240E-01,8.7170E-02,2.4516E-01,4.9033E-01,1.7434E-01,4.9033E-01,7.6273E-01,
1.09,2.1612E-02,6.4837E-02,1.5129E-01,4.3225E-02,1.2427E-01,2.7015E-01,8.6450E-02,2.4314E-01,4.8628E-01,1.7290E-01,4.8628E-01,7.5643E-01,
1.10,2.1435E-02,6.4306E-02,1.5005E-01,4.2871E-02,1.2325E-01,2.6794E-01,8.5742E-02,2.4115E-01,4.8230E-01,1.7148E-01,4.8230E-01,7.5024E-01,
1.11,2.1262E-02,6.3785E-02,1.4883E-01,4.2523E-02,1.2225E-01,2.6577E-01,8.5046E-02,2.3919E-01,4.7839E-01,1.7009E-01,4.7839E-01,7.4416E-01,
1.12,2.1091E-02,6.3272E-02,1.4763E-01,4.2181E-02,1.2127E-01,2.6363E-01,8.4363E-02,2.3727E-01,4.7454E-01,1.6873E-01,4.7454E-01,7.3817E-01,
1.13,2.0923E-02,6.2768E-02,1.4646E-01,4.1845E-02,1.2030E-01,2.6153E-01,8.3690E-02,2.3538E-01,4.7076E-01,1.6738E-01,4.7076E-01,7.3229E-01,
1.14,2.0757E-02,6.2272E-02,1.4530E-01,4.1515E-02,1.1935E-01,2.5947E-01,8.3029E-02,2.3352E-01,4.6704E-01,1.6606E-01,4.6704E-01,7.2651E-01,
1.15,2.0595E-02,6.1785E-02,1.4416E-01,4.1190E-02,1.1842E-01,2.5744E-01,8.2379E-02,2.3169E-01,4.6338E-01,1.6476E-01,4.6338E-01,7.2082E-01,
1.16,2.0435E-02,6.1305E-02,1.4304E-01,4.0870E-02,1.1750E-01,2.5544E-01,8.1740E-02,2.2989E-01,4.5979E-01,1.6348E-01,4.5979E-01,7.1522E-01,
1.17,2.0278E-02,6.0833E-02,1.4194E-01,4.0555E-02,1.1660E-01,2.5347E-01,8.1111E-02,2.2812E-01,4.5625E-01,1.6222E-01,4.5625E-01,7.0972E-01,
1.18,2.0123E-02,6.0369E-02,1.4086E-01,4.0246E-02,1.1571E-01,2.5154E-01,8.0492E-02,2.2638E-01,4.5277E-01,1.6098E-01,4.5277E-01,7.0430E-01,
1.19,1.9971E-02,5.9912E-02,1.3980E-01,3.9941E-02,1.1483E-01,2.4963E-01,7.9883E-02,2.2467E-01,4.4934E-01,1.5977E-01,4.4934E-01,6.9898E-01,
1.20,1.9821E-02,5.9463E-02,1.3875E-01,3.9642E-02,1.1397E-01,2.4776E-01,7.9284E-02,2.2299E-01,4.4597E-01,1.5857E-01,4.4597E-01,6.9373E-01,
1.21,1.9673E-02,5.9020E-02,1.3771E-01,3.9347E-02,1.1312E-01,2.4592E-01,7.8694E-02,2.2133E-01,4.4265E-01,1.5739E-01,4.4265E-01,6.8857E-01,
1.22,1.9528E-02,5.8585E-02,1.3670E-01,3.9056E-02,1.1229E-01,2.4410E-01,7.8113E-02,2.1969E-01,4.3938E-01,1.5623E-01,4.3938E-01,6.8349E-01,
1.23,1.9385E-02,5.8156E-02,1.3570E-01,3.8771E-02,1.1147E-01,2.4232E-01,7.7541E-02,2.1808E-01,4.3617E-01,1.5508E-01,4.3617E-01,6.7848E-01,
1.24,1.9245E-02,5.7734E-02,1.3471E-01,3.8489E-02,1.1066E-01,2.4056E-01,7.6978E-02,2.1650E-01,4.3300E-01,1.5396E-01,4.3300E-01,6.7356E-01,
1.25,1.9106E-02,5.7318E-02,1.3374E-01,3.8212E-02,1.0986E-01,2.3882E-01,7.6424E-02,2.1494E-01,4.2988E-01,1.5285E-01,4.2988E-01,6.6871E-01,
1.26,1.8969E-02,5.6908E-02,1.3279E-01,3.7939E-02,1.0907E-01,2.3712E-01,7.5877E-02,2.1341E-01,4.2681E-01,1.5175E-01,4.2681E-01,6.6393E-01,
1.27,1.8835E-02,5.6505E-02,1.3184E-01,3.7670E-02,1.0830E-01,2.3544E-01,7.5340E-02,2.1189E-01,4.2379E-01,1.5068E-01,4.2379E-01,6.5922E-01,
1.28,1.8702E-02,5.6107E-02,1.3092E-01,3.7405E-02,1.0754E-01,2.3378E-01,7.4810E-02,2.1040E-01,4.2080E-01,1.4962E-01,4.2080E-01,6.5458E-01,
1.29,1.8572E-02,5.5716E-02,1.3000E-01,3.7144E-02,1.0679E-01,2.3215E-01,7.4287E-02,2.0893E-01,4.1787E-01,1.4857E-01,4.1787E-01,6.5002E-01,
1.30,1.8443E-02,5.5330E-02,1.2910E-01,3.6886E-02,1.0605E-01,2.3054E-01,7.3773E-02,2.0749E-01,4.1497E-01,1.4755E-01,4.1497E-01,6.4551E-01,
1.31,1.8316E-02,5.4949E-02,1.2822E-01,3.6633E-02,1.0532E-01,2.2896E-01,7.3266E-02,2.0606E-01,4.1212E-01,1.4653E-01,4.1212E-01,6.4108E-01,
1.32,1.8192E-02,5.4575E-02,1.2734E-01,3.6383E-02,1.0460E-01,2.2739E-01,7.2766E-02,2.0466E-01,4.0931E-01,1.4553E-01,4.0931E-01,6.3670E-01,
1.33,1.8068E-02,5.4205E-02,1.2648E-01,3.6137E-02,1.0389E-01,2.2586E-01,7.2274E-02,2.0327E-01,4.0654E-01,1.4455E-01,4.0654E-01,6.3239E-01,
1.34,1.7947E-02,5.3841E-02,1.2563E-01,3.5894E-02,1.0320E-01,2.2434E-01,7.1788E-02,2.0190E-01,4.0381E-01,1.4358E-01,4.0381E-01,6.2815E-01,
1.35,1.7827E-02,5.3482E-02,1.2479E-01,3.5655E-02,1.0251E-01,2.2284E-01,7.1309E-02,2.0056E-01,4.0111E-01,1.4262E-01,4.0111E-01,6.2396E-01,
1.36,1.7709E-02,5.3128E-02,1.2397E-01,3.5419E-02,1.0183E-01,2.2137E-01,7.0837E-02,1.9923E-01,3.9846E-01,1.4167E-01,3.9846E-01,6.1983E-01,
1.37,1.7593E-02,5.2779E-02,1.2315E-01,3.5186E-02,1.0116E-01,2.1991E-01,7.0372E-02,1.9792E-01,3.9584E-01,1.4074E-01,3.9584E-01,6.1575E-01,
1.38,1.7478E-02,5.2434E-02,1.2235E-01,3.4956E-02,1.0050E-01,2.1848E-01,6.9913E-02,1.9663E-01,3.9326E-01,1.3983E-01,3.9326E-01,6.1173E-01,
1.39,1.7365E-02,5.2095E-02,1.2155E-01,3.4730E-02,9.9848E-02,2.1706E-01,6.9460E-02,1.9536E-01,3.9071E-01,1.3892E-01,3.9071E-01,6.0777E-01,
1.40,1.7253E-02,5.1760E-02,1.2077E-01,3.4507E-02,9.9206E-02,2.1567E-01,6.9013E-02,1.9410E-01,3.8820E-01,1.3803E-01,3.8820E-01,6.0386E-01,
1.41,1.7143E-02,5.1429E-02,1.2000E-01,3.4286E-02,9.8573E-02,2.1429E-01,6.8572E-02,1.9286E-01,3.8572E-01,1.3714E-01,3.8572E-01,6.0001E-01,
1.42,1.7034E-02,5.1103E-02,1.1924E-01,3.4069E-02,9.7948E-02,2.1293E-01,6.8138E-02,1.9164E-01,3.8327E-01,1.3628E-01,3.8327E-01,5.9620E-01,
1.43,1.6927E-02,5.0781E-02,1.1849E-01,3.3854E-02,9.7331E-02,2.1159E-01,6.7709E-02,1.9043E-01,3.8086E-01,1.3542E-01,3.8086E-01,5.9245E-01,
1.44,1.6821E-02,5.0464E-02,1.1775E-01,3.3643E-02,9.6723E-02,2.1027E-01,6.7285E-02,1.8924E-01,3.7848E-01,1.3457E-01,3.7848E-01,5.8875E-01,
1.45,1.6717E-02,5.0151E-02,1.1702E-01,3.3434E-02,9.6122E-02,2.0896E-01,6.6868E-02,1.8806E-01,3.7613E-01,1.3374E-01,3.7613E-01,5.8509E-01,
1.46,1.6614E-02,4.9841E-02,1.1630E-01,3.3228E-02,9.5529E-02,2.0767E-01,6.6455E-02,1.8691E-01,3.7381E-01,1.3291E-01,3.7381E-01,5.8148E-01,
1.47,1.6512E-02,4.9536E-02,1.1558E-01,3.3024E-02,9.4944E-02,2.0640E-01,6.6048E-02,1.8576E-01,3.7152E-01,1.3210E-01,3.7152E-01,5.7792E-01,
1.48,1.6412E-02,4.9235E-02,1.1488E-01,3.2823E-02,9.4367E-02,2.0514E-01,6.5646E-02,1.8463E-01,3.6926E-01,1.3129E-01,3.6926E-01,5.7441E-01,
1.49,1.6312E-02,4.8937E-02,1.1419E-01,3.2625E-02,9.3796E-02,2.0391E-01,6.5250E-02,1.8351E-01,3.6703E-01,1.3050E-01,3.6703E-01,5.7094E-01,
1.50,1.6215E-02,4.8644E-02,1.1350E-01,3.2429E-02,9.3234E-02,2.0268E-01,6.4858E-02,1.8241E-01,3.6483E-01,1.2972E-01,3.6483E-01,5.6751E-01,
1.51,1.6118E-02,4.8354E-02,1.1282E-01,3.2236E-02,9.2678E-02,2.0147E-01,6.4471E-02,1.8133E-01,3.6265E-01,1.2894E-01,3.6265E-01,5.6412E-01,
1.52,1.6022E-02,4.8067E-02,1.1216E-01,3.2045E-02,9.2129E-02,2.0028E-01,6.4090E-02,1.8025E-01,3.6050E-01,1.2818E-01,3.6050E-01,5.6078E-01,
1.53,1.5928E-02,4.7784E-02,1.1150E-01,3.1856E-02,9.1587E-02,1.9910E-01,6.3712E-02,1.7919E-01,3.5838E-01,1.2742E-01,3.5838E-01,5.5748E-01,
1.54,1.5835E-02,4.7505E-02,1.1084E-01,3.1670E-02,9.1051E-02,1.9794E-01,6.3340E-02,1.7814E-01,3.5629E-01,1.2668E-01,3.5629E-01,5.5422E-01,
1.55,1.5743E-02,4.7229E-02,1.1020E-01,3.1486E-02,9.0522E-02,1.9679E-01,6.2972E-02,1.7711E-01,3.5422E-01,1.2594E-01,3.5422E-01,5.5101E-01,
1.56,1.5652E-02,4.6956E-02,1.0957E-01,3.1304E-02,9.0000E-02,1.9565E-01,6.2609E-02,1.7609E-01,3.5217E-01,1.2522E-01,3.5217E-01,5.4783E-01,
1.57,1.5562E-02,4.6687E-02,1.0894E-01,3.1125E-02,8.9484E-02,1.9453E-01,6.2250E-02,1.7508E-01,3.5015E-01,1.2450E-01,3.5015E-01,5.4468E-01,
1.58,1.5474E-02,4.6421E-02,1.0832E-01,3.0947E-02,8.8974E-02,1.9342E-01,6.1895E-02,1.7408E-01,3.4816E-01,1.2379E-01,3.4816E-01,5.4158E-01,
1.59,1.5386E-02,4.6158E-02,1.0770E-01,3.0772E-02,8.8470E-02,1.9233E-01,6.1544E-02,1.7309E-01,3.4619E-01,1.2309E-01,3.4619E-01,5.3851E-01,
1.60,1.5300E-02,4.5899E-02,1.0710E-01,3.0599E-02,8.7972E-02,1.9124E-01,6.1198E-02,1.7212E-01,3.4424E-01,1.2240E-01,3.4424E-01,5.3548E-01,
1.61,1.5214E-02,4.5642E-02,1.0650E-01,3.0428E-02,8.7480E-02,1.9017E-01,6.0856E-02,1.7116E-01,3.4231E-01,1.2171E-01,3.4231E-01,5.3249E-01,
1.62,1.5129E-02,4.5388E-02,1.0591E-01,3.0259E-02,8.6994E-02,1.8912E-01,6.0518E-02,1.7021E-01,3.4041E-01,1.2104E-01,3.4041E-01,5.2953E-01,
1.63,1.5046E-02,4.5138E-02,1.0532E-01,3.0092E-02,8.6514E-02,1.8807E-01,6.0184E-02,1.6927E-01,3.3853E-01,1.2037E-01,3.3853E-01,5.2661E-01,
1.64,1.4963E-02,4.4890E-02,1.0474E-01,2.9927E-02,8.6039E-02,1.8704E-01,5.9853E-02,1.6834E-01,3.3667E-01,1.1971E-01,3.3667E-01,5.2371E-01,
1.65,1.4882E-02,4.4645E-02,1.0417E-01,2.9763E-02,8.5569E-02,1.8602E-01,5.9527E-02,1.6742E-01,3.3484E-01,1.1905E-01,3.3484E-01,5.2086E-01,
1.66,1.4801E-02,4.4403E-02,1.0361E-01,2.9602E-02,8.5105E-02,1.8501E-01,5.9204E-02,1.6651E-01,3.3302E-01,1.1841E-01,3.3302E-01,5.1803E-01,
1.67,1.4721E-02,4.4163E-02,1.0305E-01,2.9442E-02,8.4647E-02,1.8401E-01,5.8885E-02,1.6561E-01,3.3123E-01,1.1777E-01,3.3123E-01,5.1524E-01,
1.68,1.4642E-02,4.3927E-02,1.0250E-01,2.9285E-02,8.4193E-02,1.8303E-01,5.8569E-02,1.6473E-01,3.2945E-01,1.1714E-01,3.2945E-01,5.1248E-01,
1.69,1.4564E-02,4.3693E-02,1.0195E-01,2.9129E-02,8.3744E-02,1.8205E-01,5.8257E-02,1.6385E-01,3.2770E-01,1.1651E-01,3.2770E-01,5.0975E-01,
1.70,1.4487E-02,4.3461E-02,1.0141E-01,2.8974E-02,8.3301E-02,1.8109E-01,5.7949E-02,1.6298E-01,3.2596E-01,1.1590E-01,3.2596E-01,5.0705E-01,
1.71,1.4411E-02,4.3233E-02,1.0088E-01,2.8822E-02,8.2862E-02,1.8014E-01,5.7643E-02,1.6212E-01,3.2424E-01,1.1529E-01,3.2424E-01,5.0438E-01,
1.72,1.4335E-02,4.3006E-02,1.0035E-01,2.8671E-02,8.2429E-02,1.7919E-01,5.7342E-02,1.6127E-01,3.2255E-01,1.1468E-01,3.2255E-01,5.0174E-01,
1.73,1.4261E-02,4.2783E-02,9.9826E-02,2.8522E-02,8.2000E-02,1.7826E-01,5.7043E-02,1.6043E-01,3.2087E-01,1.1409E-01,3.2087E-01,4.9913E-01,
1.74,1.4187E-02,4.2561E-02,9.9309E-02,2.8374E-02,8.1576E-02,1.7734E-01,5.6748E-02,1.5960E-01,3.1921E-01,1.1350E-01,3.1921E-01,4.9655E-01,
1.75,1.4114E-02,4.2342E-02,9.8798E-02,2.8228E-02,8.1156E-02,1.7643E-01,5.6456E-02,1.5878E-01,3.1757E-01,1.1291E-01,3.1757E-01,4.9399E-01,
1.76,1.4042E-02,4.2126E-02,9.8293E-02,2.8084E-02,8.0741E-02,1.7552E-01,5.6167E-02,1.5797E-01,3.1594E-01,1.1233E-01,3.1594E-01,4.9147E-01,
1.77,1.3970E-02,4.1911E-02,9.7793E-02,2.7941E-02,8.0330E-02,1.7463E-01,5.5882E-02,1.5717E-01,3.1434E-01,1.1176E-01,3.1434E-01,4.8897E-01,
1.78,1.3900E-02,4.1699E-02,9.7299E-02,2.7800E-02,7.9924E-02,1.7375E-01,5.5599E-02,1.5637E-01,3.1275E-01,1.1120E-01,3.1275E-01,4.8649E-01,
1.79,1.3830E-02,4.1490E-02,9.6809E-02,2.7660E-02,7.9522E-02,1.7287E-01,5.5320E-02,1.5559E-01,3.1117E-01,1.1064E-01,3.1117E-01,4.8405E-01,
1.80,1.3761E-02,4.1282E-02,9.6325E-02,2.7521E-02,7.9124E-02,1.7201E-01,5.5043E-02,1.5481E-01,3.0962E-01,1.1009E-01,3.0962E-01,4.8163E-01,
1.81,1.3692E-02,4.1077E-02,9.5846E-02,2.7385E-02,7.8731E-02,1.7115E-01,5.4769E-02,1.5404E-01,3.0808E-01,1.0954E-01,3.0808E-01,4.7923E-01,
1.82,1.3625E-02,4.0874E-02,9.5372E-02,2.7249E-02,7.8341E-02,1.7031E-01,5.4498E-02,1.5328E-01,3.0655E-01,1.0900E-01,3.0655E-01,4.7686E-01,
1.83,1.3558E-02,4.0673E-02,9.4903E-02,2.7115E-02,7.7956E-02,1.6947E-01,5.4230E-02,1.5252E-01,3.0504E-01,1.0846E-01,3.0504E-01,4.7451E-01,
1.84,1.3491E-02,4.0474E-02,9.4438E-02,2.6982E-02,7.7574E-02,1.6864E-01,5.3965E-02,1.5178E-01,3.0355E-01,1.0793E-01,3.0355E-01,4.7219E-01,
1.85,1.3426E-02,4.0277E-02,9.3979E-02,2.6851E-02,7.7197E-02,1.6782E-01,5.3702E-02,1.5104E-01,3.0207E-01,1.0740E-01,3.0207E-01,4.6989E-01,
1.86,1.3361E-02,4.0082E-02,9.3524E-02,2.6721E-02,7.6823E-02,1.6701E-01,5.3442E-02,1.5031E-01,3.0061E-01,1.0688E-01,3.0061E-01,4.6762E-01,
1.87,1.3296E-02,3.9889E-02,9.3074E-02,2.6592E-02,7.6453E-02,1.6620E-01,5.3185E-02,1.4958E-01,2.9917E-01,1.0637E-01,2.9917E-01,4.6537E-01,
1.88,1.3233E-02,3.9698E-02,9.2628E-02,2.6465E-02,7.6087E-02,1.6541E-01,5.2930E-02,1.4887E-01,2.9773E-01,1.0586E-01,2.9773E-01,4.6314E-01,
1.89,1.3170E-02,3.9509E-02,9.2187E-02,2.6339E-02,7.5725E-02,1.6462E-01,5.2678E-02,1.4816E-01,2.9631E-01,1.0536E-01,2.9631E-01,4.6093E-01,
1.90,1.3107E-02,3.9321E-02,9.1750E-02,2.6214E-02,7.5366E-02,1.6384E-01,5.2429E-02,1.4746E-01,2.9491E-01,1.0486E-01,2.9491E-01,4.5875E-01,
1.91,1.3045E-02,3.9136E-02,9.1318E-02,2.6091E-02,7.5011E-02,1.6307E-01,5.2181E-02,1.4676E-01,2.9352E-01,1.0436E-01,2.9352E-01,4.5659E-01,
1.92,1.2984E-02,3.8953E-02,9.0889E-02,2.5968E-02,7.4659E-02,1.6230E-01,5.1937E-02,1.4607E-01,2.9214E-01,1.0387E-01,2.9214E-01,4.5445E-01,
1.93,1.2924E-02,3.8771E-02,9.0465E-02,2.5847E-02,7.4311E-02,1.6155E-01,5.1695E-02,1.4539E-01,2.9078E-01,1.0339E-01,2.9078E-01,4.5233E-01,
1.94,1.2864E-02,3.8591E-02,9.0046E-02,2.5727E-02,7.3966E-02,1.6080E-01,5.1455E-02,1.4472E-01,2.8943E-01,1.0291E-01,2.8943E-01,4.5023E-01,
1.95,1.2804E-02,3.8413E-02,8.9630E-02,2.5609E-02,7.3625E-02,1.6005E-01,5.1217E-02,1.4405E-01,2.8810E-01,1.0243E-01,2.8810E-01,4.4815E-01,
1.96,1.2745E-02,3.8236E-02,8.9218E-02,2.5491E-02,7.3286E-02,1.5932E-01,5.0982E-02,1.4339E-01,2.8677E-01,1.0196E-01,2.8677E-01,4.4609E-01,
1.97,1.2687E-02,3.8062E-02,8.8811E-02,2.5374E-02,7.2952E-02,1.5859E-01,5.0749E-02,1.4273E-01,2.8546E-01,1.0150E-01,2.8546E-01,4.4405E-01,
1.98,1.2630E-02,3.7889E-02,8.8407E-02,2.5259E-02,7.2620E-02,1.5787E-01,5.0518E-02,1.4208E-01,2.8416E-01,1.0104E-01,2.8416E-01,4.4203E-01,
1.99,1.2572E-02,3.7717E-02,8.8007E-02,2.5145E-02,7.2291E-02,1.5716E-01,5.0290E-02,1.4144E-01,2.8288E-01,1.0058E-01,2.8288E-01,4.4003E-01,
2.00,1.2516E-02,3.7547E-02,8.7611E-02,2.5032E-02,7.1966E-02,1.5645E-01,5.0063E-02,1.4080E-01,2.8161E-01,1.0013E-01,2.8161E-01,4.3805E-01,
2.01,1.2460E-02,3.7379E-02,8.7218E-02,2.4920E-02,7.1644E-02,1.5575E-01,4.9839E-02,1.4017E-01,2.8034E-01,9.9678E-02,2.8034E-01,4.3609E-01,
2.02,1.2404E-02,3.7213E-02,8.6830E-02,2.4808E-02,7.1324E-02,1.5505E-01,4.9617E-02,1.3955E-01,2.7910E-01,9.9234E-02,2.7910E-01,4.3415E-01,
2.03,1.2349E-02,3.7048E-02,8.6445E-02,2.4698E-02,7.1008E-02,1.5437E-01,4.9397E-02,1.3893E-01,2.7786E-01,9.8794E-02,2.7786E-01,4.3222E-01,
2.04,1.2295E-02,3.6884E-02,8.6063E-02,2.4589E-02,7.0695E-02,1.5368E-01,4.9179E-02,1.3832E-01,2.7663E-01,9.8358E-02,2.7663E-01,4.3032E-01,
2.05,1.2241E-02,3.6722E-02,8.5685E-02,2.4481E-02,7.0384E-02,1.5301E-01,4.8963E-02,1.3771E-01,2.7542E-01,9.7926E-02,2.7542E-01,4.2843E-01,
2.06,1.2187E-02,3.6562E-02,8.5311E-02,2.4375E-02,7.0077E-02,1.5234E-01,4.8749E-02,1.3711E-01,2.7421E-01,9.7498E-02,2.7421E-01,4.2655E-01,
2.07,1.2134E-02,3.6403E-02,8.4940E-02,2.4269E-02,6.9772E-02,1.5168E-01,4.8537E-02,1.3651E-01,2.7302E-01,9.7074E-02,2.7302E-01,4.2470E-01,
2.08,1.2082E-02,3.6245E-02,8.4572E-02,2.4163E-02,6.9470E-02,1.5102E-01,4.8327E-02,1.3592E-01,2.7184E-01,9.6654E-02,2.7184E-01,4.2286E-01,
2.09,1.2030E-02,3.6089E-02,8.4208E-02,2.4059E-02,6.9171E-02,1.5037E-01,4.8119E-02,1.3533E-01,2.7067E-01,9.6238E-02,2.7067E-01,4.2104E-01,
2.10,1.1978E-02,3.5934E-02,8.3847E-02,2.3956E-02,6.8874E-02,1.4973E-01,4.7913E-02,1.3475E-01,2.6951E-01,9.5825E-02,2.6951E-01,4.1923E-01,
2.11,1.1927E-02,3.5781E-02,8.3489E-02,2.3854E-02,6.8580E-02,1.4909E-01,4.7708E-02,1.3418E-01,2.6836E-01,9.5416E-02,2.6836E-01,4.1745E-01,
2.12,1.1876E-02,3.5629E-02,8.3135E-02,2.3753E-02,6.8289E-02,1.4845E-01,4.7506E-02,1.3361E-01,2.6722E-01,9.5011E-02,2.6722E-01,4.1567E-01,
2.13,1.1826E-02,3.5479E-02,8.2783E-02,2.3652E-02,6.8001E-02,1.4783E-01,4.7305E-02,1.3304E-01,2.6609E-01,9.4610E-02,2.6609E-01,4.1392E-01,
2.14,1.1776E-02,3.5329E-02,8.2435E-02,2.3553E-02,6.7715E-02,1.4721E-01,4.7106E-02,1.3248E-01,2.6497E-01,9.4212E-02,2.6497E-01,4.1218E-01,
2.15,1.1727E-02,3.5181E-02,8.2090E-02,2.3454E-02,6.7431E-02,1.4659E-01,4.6909E-02,1.3193E-01,2.6386E-01,9.3817E-02,2.6386E-01,4.1045E-01,
2.16,1.1678E-02,3.5035E-02,8.1748E-02,2.3357E-02,6.7150E-02,1.4598E-01,4.6713E-02,1.3138E-01,2.6276E-01,9.3426E-02,2.6276E-01,4.0874E-01,
2.17,1.1630E-02,3.4889E-02,8.1409E-02,2.3260E-02,6.6871E-02,1.4537E-01,4.6519E-02,1.3084E-01,2.6167E-01,9.3038E-02,2.6167E-01,4.0704E-01,
2.18,1.1582E-02,3.4745E-02,8.1073E-02,2.3164E-02,6.6595E-02,1.4477E-01,4.6327E-02,1.3030E-01,2.6059E-01,9.2654E-02,2.6059E-01,4.0536E-01,
2.19,1.1534E-02,3.4603E-02,8.0739E-02,2.3068E-02,6.6322E-02,1.4418E-01,4.6137E-02,1.2976E-01,2.5952E-01,9.2273E-02,2.5952E-01,4.0370E-01,
2.20,1.1487E-02,3.4461E-02,8.0409E-02,2.2974E-02,6.6050E-02,1.4359E-01,4.5948E-02,1.2923E-01,2.5846E-01,9.1896E-02,2.5846E-01,4.0204E-01,
2.21,1.1440E-02,3.4321E-02,8.0081E-02,2.2880E-02,6.5781E-02,1.4300E-01,4.5761E-02,1.2870E-01,2.5740E-01,9.1522E-02,2.5740E-01,4.0041E-01,
2.22,1.1394E-02,3.4181E-02,7.9757E-02,2.2788E-02,6.5514E-02,1.4242E-01,4.5575E-02,1.2818E-01,2.5636E-01,9.1150E-02,2.5636E-01,3.9878E-01,
2.23,1.1348E-02,3.4043E-02,7.9435E-02,2.2696E-02,6.5250E-02,1.4185E-01,4.5391E-02,1.2766E-01,2.5533E-01,9.0782E-02,2.5533E-01,3.9717E-01,
2.24,1.1302E-02,3.3907E-02,7.9115E-02,2.2604E-02,6.4988E-02,1.4128E-01,4.5209E-02,1.2715E-01,2.5430E-01,9.0418E-02,2.5430E-01,3.9558E-01,
2.25,1.1257E-02,3.3771E-02,7.8799E-02,2.2514E-02,6.4728E-02,1.4071E-01,4.5028E-02,1.2664E-01,2.5328E-01,9.0056E-02,2.5328E-01,3.9399E-01,
2.26,1.1212E-02,3.3636E-02,7.8485E-02,2.2424E-02,6.4470E-02,1.4015E-01,4.4849E-02,1.2614E-01,2.5227E-01,8.9697E-02,2.5227E-01,3.9243E-01,
2.27,1.1168E-02,3.3503E-02,7.8174E-02,2.2335E-02,6.4214E-02,1.3960E-01,4.4671E-02,1.2564E-01,2.5127E-01,8.9341E-02,2.5127E-01,3.9087E-01,
2.28,1.1124E-02,3.3371E-02,7.7865E-02,2.2247E-02,6.3961E-02,1.3904E-01,4.4494E-02,1.2514E-01,2.5028E-01,8.8989E-02,2.5028E-01,3.8933E-01,
2.29,1.1080E-02,3.3240E-02,7.7559E-02,2.2160E-02,6.3709E-02,1.3850E-01,4.4319E-02,1.2465E-01,2.4930E-01,8.8639E-02,2.4930E-01,3.8780E-01,
2.30,1.1036E-02,3.3109E-02,7.7255E-02,2.2073E-02,6.3460E-02,1.3796E-01,4.4146E-02,1.2416E-01,2.4832E-01,8.8292E-02,2.4832E-01,3.8628E-01,
2.31,1.0993E-02,3.2980E-02,7.6954E-02,2.1987E-02,6.3213E-02,1.3742E-01,4.3974E-02,1.2368E-01,2.4735E-01,8.7948E-02,2.4735E-01,3.8477E-01,
2.32,1.0951E-02,3.2853E-02,7.6656E-02,2.1902E-02,6.2967E-02,1.3689E-01,4.3803E-02,1.2320E-01,2.4639E-01,8.7607E-02,2.4639E-01,3.8328E-01,
2.33,1.0909E-02,3.2726E-02,7.6360E-02,2.1817E-02,6.2724E-02,1.3636E-01,4.3634E-02,1.2272E-01,2.4544E-01,8.7268E-02,2.4544E-01,3.8180E-01,
2.34,1.0867E-02,3.2600E-02,7.6066E-02,2.1733E-02,6.2483E-02,1.3583E-01,4.3466E-02,1.2225E-01,2.4450E-01,8.6932E-02,2.4450E-01,3.8033E-01,
2.35,1.0825E-02,3.2475E-02,7.5775E-02,2.1650E-02,6.2243E-02,1.3531E-01,4.3300E-02,1.2178E-01,2.4356E-01,8.6599E-02,2.4356E-01,3.7887E-01,
2.36,1.0784E-02,3.2351E-02,7.5486E-02,2.1567E-02,6.2006E-02,1.3480E-01,4.3135E-02,1.2132E-01,2.4263E-01,8.6269E-02,2.4263E-01,3.7743E-01,
2.37,1.0743E-02,3.2228E-02,7.5199E-02,2.1485E-02,6.1770E-02,1.3428E-01,4.2971E-02,1.2086E-01,2.4171E-01,8.5941E-02,2.4171E-01,3.7599E-01,
2.38,1.0702E-02,3.2106E-02,7.4914E-02,2.1404E-02,6.1537E-02,1.3378E-01,4.2808E-02,1.2040E-01,2.4080E-01,8.5616E-02,2.4080E-01,3.7457E-01,
2.39,1.0662E-02,3.1985E-02,7.4632E-02,2.1323E-02,6.1305E-02,1.3327E-01,4.2647E-02,1.1994E-01,2.3989E-01,8.5294E-02,2.3989E-01,3.7316E-01,
2.40,1.0622E-02,3.1865E-02,7.4352E-02,2.1244E-02,6.1075E-02,1.3277E-01,4.2487E-02,1.1949E-01,2.3899E-01,8.4974E-02,2.3899E-01,3.7176E-01,
2.41,1.0582E-02,3.1746E-02,7.4075E-02,2.1164E-02,6.0847E-02,1.3228E-01,4.2328E-02,1.1905E-01,2.3810E-01,8.4657E-02,2.3810E-01,3.7037E-01,
2.42,1.0543E-02,3.1628E-02,7.3799E-02,2.1085E-02,6.0621E-02,1.3178E-01,4.2171E-02,1.1861E-01,2.3721E-01,8.4342E-02,2.3721E-01,3.6900E-01,
2.43,1.0504E-02,3.1511E-02,7.3526E-02,2.1007E-02,6.0396E-02,1.3130E-01,4.2015E-02,1.1817E-01,2.3633E-01,8.4029E-02,2.3633E-01,3.6763E-01,
2.44,1.0465E-02,3.1395E-02,7.3254E-02,2.0930E-02,6.0173E-02,1.3081E-01,4.1860E-02,1.1773E-01,2.3546E-01,8.3719E-02,2.3546E-01,3.6627E-01,
2.45,1.0426E-02,3.1279E-02,7.2985E-02,2.0853E-02,5.9952E-02,1.3033E-01,4.1706E-02,1.1730E-01,2.3460E-01,8.3412E-02,2.3460E-01,3.6493E-01,
2.46,1.0388E-02,3.1165E-02,7.2718E-02,2.0777E-02,5.9733E-02,1.2985E-01,4.1553E-02,1.1687E-01,2.3374E-01,8.3106E-02,2.3374E-01,3.6359E-01,
2.47,1.0350E-02,3.1051E-02,7.2453E-02,2.0701E-02,5.9515E-02,1.2938E-01,4.1402E-02,1.1644E-01,2.3289E-01,8.2804E-02,2.3289E-01,3.6227E-01,
2.48,1.0313E-02,3.0939E-02,7.2190E-02,2.0626E-02,5.9299E-02,1.2891E-01,4.1252E-02,1.1602E-01,2.3204E-01,8.2503E-02,2.3204E-01,3.6095E-01,
2.49,1.0276E-02,3.0827E-02,7.1929E-02,2.0551E-02,5.9085E-02,1.2844E-01,4.1102E-02,1.1560E-01,2.3120E-01,8.2205E-02,2.3120E-01,3.5965E-01,
2.50,1.0239E-02,3.0716E-02,7.1670E-02,2.0477E-02,5.8872E-02,1.2798E-01,4.0954E-02,1.1518E-01,2.3037E-01,8.1909E-02,2.3037E-01,3.5835E-01,
2.51,1.0202E-02,3.0606E-02,7.1413E-02,2.0404E-02,5.8661E-02,1.2752E-01,4.0808E-02,1.1477E-01,2.2954E-01,8.1615E-02,2.2954E-01,3.5707E-01,
2.52,1.0165E-02,3.0496E-02,7.1158E-02,2.0331E-02,5.8451E-02,1.2707E-01,4.0662E-02,1.1436E-01,2.2872E-01,8.1323E-02,2.2872E-01,3.5579E-01,
2.53,1.0129E-02,3.0388E-02,7.0905E-02,2.0259E-02,5.8243E-02,1.2662E-01,4.0517E-02,1.1395E-01,2.2791E-01,8.1034E-02,2.2791E-01,3.5452E-01,
2.54,1.0093E-02,3.0280E-02,7.0654E-02,2.0187E-02,5.8037E-02,1.2617E-01,4.0373E-02,1.1355E-01,2.2710E-01,8.0747E-02,2.2710E-01,3.5327E-01,
2.55,1.0058E-02,3.0173E-02,7.0404E-02,2.0115E-02,5.7832E-02,1.2572E-01,4.0231E-02,1.1315E-01,2.2630E-01,8.0462E-02,2.2630E-01,3.5202E-01,
2.56,1.0022E-02,3.0067E-02,7.0157E-02,2.0045E-02,5.7629E-02,1.2528E-01,4.0089E-02,1.1275E-01,2.2550E-01,8.0179E-02,2.2550E-01,3.5078E-01,
2.57,9.9873E-03,2.9962E-02,6.9911E-02,1.9975E-02,5.7427E-02,1.2484E-01,3.9949E-02,1.1236E-01,2.2471E-01,7.9898E-02,2.2471E-01,3.4955E-01,
2.58,9.9524E-03,2.9857E-02,6.9667E-02,1.9905E-02,5.7226E-02,1.2441E-01,3.9810E-02,1.1196E-01,2.2393E-01,7.9619E-02,2.2393E-01,3.4833E-01,
2.59,9.9178E-03,2.9753E-02,6.9425E-02,1.9836E-02,5.7028E-02,1.2397E-01,3.9671E-02,1.1158E-01,2.2315E-01,7.9343E-02,2.2315E-01,3.4712E-01,
2.60,9.8835E-03,2.9650E-02,6.9184E-02,1.9767E-02,5.6830E-02,1.2354E-01,3.9534E-02,1.1119E-01,2.2238E-01,7.9068E-02,2.2238E-01,3.4592E-01,
2.61,9.8494E-03,2.9548E-02,6.8946E-02,1.9699E-02,5.6634E-02,1.2312E-01,3.9398E-02,1.1081E-01,2.2161E-01,7.8795E-02,2.2161E-01,3.4473E-01,
2.62,9.8156E-03,2.9447E-02,6.8709E-02,1.9631E-02,5.6439E-02,1.2269E-01,3.9262E-02,1.1043E-01,2.2085E-01,7.8525E-02,2.2085E-01,3.4354E-01,
2.63,9.7820E-03,2.9346E-02,6.8474E-02,1.9564E-02,5.6246E-02,1.2227E-01,3.9128E-02,1.1005E-01,2.2009E-01,7.8256E-02,2.2009E-01,3.4237E-01,
2.64,9.7486E-03,2.9246E-02,6.8240E-02,1.9497E-02,5.6055E-02,1.2186E-01,3.8994E-02,1.0967E-01,2.1934E-01,7.7989E-02,2.1934E-01,3.4120E-01,
2.65,9.7155E-03,2.9146E-02,6.8008E-02,1.9431E-02,5.5864E-02,1.2144E-01,3.8862E-02,1.0930E-01,2.1860E-01,7.7724E-02,2.1860E-01,3.4004E-01,
2.66,9.6826E-03,2.9048E-02,6.7778E-02,1.9365E-02,5.5675E-02,1.2103E-01,3.8730E-02,1.0893E-01,2.1786E-01,7.7461E-02,2.1786E-01,3.3889E-01,
2.67,9.6500E-03,2.8950E-02,6.7550E-02,1.9300E-02,5.5487E-02,1.2062E-01,3.8600E-02,1.0856E-01,2.1712E-01,7.7200E-02,2.1712E-01,3.3775E-01,
2.68,9.6176E-03,2.8853E-02,6.7323E-02,1.9235E-02,5.5301E-02,1.2022E-01,3.8470E-02,1.0820E-01,2.1640E-01,7.6941E-02,2.1640E-01,3.3661E-01,
2.69,9.5854E-03,2.8756E-02,6.7098E-02,1.9171E-02,5.5116E-02,1.1982E-01,3.8342E-02,1.0784E-01,2.1567E-01,7.6683E-02,2.1567E-01,3.3549E-01,
2.70,9.5534E-03,2.8660E-02,6.6874E-02,1.9107E-02,5.4932E-02,1.1942E-01,3.8214E-02,1.0748E-01,2.1495E-01,7.6427E-02,2.1495E-01,3.3437E-01,
2.71,9.5217E-03,2.8565E-02,6.6652E-02,1.9043E-02,5.4750E-02,1.1902E-01,3.8087E-02,1.0712E-01,2.1424E-01,7.6174E-02,2.1424E-01,3.3326E-01,
2.72,9.4902E-03,2.8471E-02,6.6431E-02,1.8980E-02,5.4569E-02,1.1863E-01,3.7961E-02,1.0676E-01,2.1353E-01,7.5921E-02,2.1353E-01,3.3216E-01,
2.73,9.4589E-03,2.8377E-02,6.6212E-02,1.8918E-02,5.4389E-02,1.1824E-01,3.7836E-02,1.0641E-01,2.1282E-01,7.5671E-02,2.1282E-01,3.3106E-01,
2.74,9.4278E-03,2.8283E-02,6.5995E-02,1.8856E-02,5.4210E-02,1.1785E-01,3.7711E-02,1.0606E-01,2.1213E-01,7.5422E-02,2.1213E-01,3.2997E-01,
2.75,9.3970E-03,2.8191E-02,6.5779E-02,1.8794E-02,5.4032E-02,1.1746E-01,3.7588E-02,1.0572E-01,2.1143E-01,7.5176E-02,2.1143E-01,3.2889E-01,
2.76,9.3890E-03,2.8167E-02,6.5723E-02,1.8778E-02,5.3986E-02,1.1736E-01,3.7556E-02,1.0563E-01,2.1125E-01,7.5112E-02,2.1125E-01,3.2861E-01,
2.77,9.3810E-03,2.8143E-02,6.5667E-02,1.8762E-02,5.3940E-02,1.1726E-01,3.7524E-02,1.0554E-01,2.1107E-01,7.5048E-02,2.1107E-01,3.2833E-01,
2.78,9.3730E-03,2.8119E-02,6.5611E-02,1.8746E-02,5.3894E-02,1.1716E-01,3.7492E-02,1.0545E-01,2.1089E-01,7.4984E-02,2.1089E-01,3.2805E-01,
2.79,9.3650E-03,2.8095E-02,6.5555E-02,1.8730E-02,5.3848E-02,1.1706E-01,3.7460E-02,1.0536E-01,2.1071E-01,7.4920E-02,2.1071E-01,3.2777E-01,
2.80,9.3570E-03,2.8071E-02,6.5499E-02,1.8714E-02,5.3802E-02,1.1696E-01,3.7428E-02,1.0527E-01,2.1053E-01,7.4856E-02,2.1053E-01,3.2749E-01,
2.81,9.3490E-03,2.8047E-02,6.5443E-02,1.8698E-02,5.3756E-02,1.1686E-01,3.7396E-02,1.0518E-01,2.1035E-01,7.4792E-02,2.1035E-01,3.2721E-01,
2.82,9.3410E-03,2.8023E-02,6.5387E-02,1.8682E-02,5.3710E-02,1.1676E-01,3.7364E-02,1.0509E-01,2.1017E-01,7.4728E-02,2.1017E-01,3.2693E-01,
2.83,9.3330E-03,2.7999E-02,6.5331E-02,1.8666E-02,5.3664E-02,1.1666E-01,3.7332E-02,1.0500E-01,2.0999E-01,7.4664E-02,2.0999E-01,3.2665E-01,
2.84,9.3250E-03,2.7975E-02,6.5275E-02,1.8650E-02,5.3618E-02,1.1656E-01,3.7300E-02,1.0491E-01,2.0981E-01,7.4600E-02,2.0981E-01,3.2637E-01,
2.85,9.3170E-03,2.7951E-02,6.5219E-02,1.8634E-02,5.3572E-02,1.1646E-01,3.7268E-02,1.0482E-01,2.0963E-01,7.4536E-02,2.0963E-01,3.2609E-01,
2.86,9.3090E-03,2.7927E-02,6.5163E-02,1.8618E-02,5.3526E-02,1.1636E-01,3.7236E-02,1.0473E-01,2.0945E-01,7.4472E-02,2.0945E-01,3.2581E-01,
2.87,9.3010E-03,2.7903E-02,6.5107E-02,1.8602E-02,5.3480E-02,1.1626E-01,3.7204E-02,1.0464E-01,2.0927E-01,7.4408E-02,2.0927E-01,3.2553E-01,
2.88,9.2930E-03,2.7879E-02,6.5051E-02,1.8586E-02,5.3434E-02,1.1616E-01,3.7172E-02,1.0455E-01,2.0909E-01,7.4344E-02,2.0909E-01,3.2525E-01,
2.89,9.2850E-03,2.7855E-02,6.4995E-02,1.8570E-02,5.3388E-02,1.1606E-01,3.7140E-02,1.0446E-01,2.0891E-01,7.4280E-02,2.0891E-01,3.2497E-01,
2.90,9.2770E-03,2.7831E-02,6.4939E-02,1.8554E-02,5.3342E-02,1.1596E-01,3.7108E-02,1.0437E-01,2.0873E-01,7.4216E-02,2.0873E-01,3.2469E-01,
2.91,9.2690E-03,2.7807E-02,6.4883E-02,1.8538E-02,5.3296E-02,1.1586E-01,3.7076E-02,1.0428E-01,2.0855E-01,7.4152E-02,2.0855E-01,3.2441E-01,
2.92,9.2610E-03,2.7783E-02,6.4827E-02,1.8522E-02,5.3250E-02,1.1576E-01,3.7044E-02,1.0419E-01,2.0837E-01,7.4088E-02,2.0837E-01,3.2413E-01,
2.93,9.2530E-03,2.7759E-02,6.4771E-02,1.8506E-02,5.3204E-02,1.1566E-01,3.7012E-02,1.0410E-01,2.0819E-01,7.4024E-02,2.0819E-01,3.2385E-01,
2.94,9.2450E-03,2.7735E-02,6.4715E-02,1.8490E-02,5.3158E-02,1.1556E-01,3.6980E-02,1.0401E-01,2.0801E-01,7.3960E-02,2.0801E-01,3.2357E-01,
2.95,9.2370E-03,2.7711E-02,6.4659E-02,1.8474E-02,5.3112E-02,1.1546E-01,3.6948E-02,1.0392E-01,2.0783E-01,7.3896E-02,2.0783E-01,3.2329E-01,
2.96,9.2290E-03,2.7687E-02,6.4603E-02,1.8458E-02,5.3066E-02,1.1536E-01,3.6916E-02,1.0383E-01,2.0765E-01,7.3832E-02,2.0765E-01,3.2301E-01,
2.97,9.2210E-03,2.7663E-02,6.4547E-02,1.8442E-02,5.3020E-02,1.1526E-01,3.6884E-02,1.0374E-01,2.0747E-01,7.3768E-02,2.0747E-01,3.2273E-01,
2.98,9.2130E-03,2.7639E-02,6.4491E-02,1.8426E-02,5.2974E-02,1.1516E-01,3.6852E-02,1.0365E-01,2.0729E-01,7.3704E-02,2.0729E-01,3.2245E-01,
2.99,9.2050E-03,2.7615E-02,6.4435E-02,1.8410E-02,5.2928E-02,1.1506E-01,3.6820E-02,1.0356E-01,2.0711E-01,7.3640E-02,2.0711E-01,3.2217E-01,
3.00,9.1970E-03,2.7591E-02,6.4379E-02,1.8394E-02,5.2882E-02,1.1496E-01,3.6788E-02,1.0347E-01,2.0693E-01,7.3576E-02,2.0693E-01,3.2189E-01,
3.01,9.1890E-03,2.7567E-02,6.4323E-02,1.8378E-02,5.2836E-02,1.1486E-01,3.6756E-02,1.0338E-01,2.0675E-01,7.3512E-02,2.0675E-01,3.2161E-01,
3.02,9.1810E-03,2.7543E-02,6.4267E-02,1.8362E-02,5.2790E-02,1.1476E-01,3.6724E-02,1.0329E-01,2.0657E-01,7.3448E-02,2.0657E-01,3.2133E-01,
3.03,9.1730E-03,2.7519E-02,6.4211E-02,1.8346E-02,5.2744E-02,1.1466E-01,3.6692E-02,1.0320E-01,2.0639E-01,7.3384E-02,2.0639E-01,3.2105E-01,
3.04,9.1650E-03,2.7495E-02,6.4155E-02,1.8330E-02,5.2698E-02,1.1456E-01,3.6660E-02,1.0311E-01,2.0621E-01,7.3320E-02,2.0621E-01,3.2077E-01,
3.05,9.1570E-03,2.7471E-02,6.4099E-02,1.8314E-02,5.2652E-02,1.1446E-01,3.6628E-02,1.0302E-01,2.0603E-01,7.3256E-02,2.0603E-01,3.2049E-01,
3.06,9.1490E-03,2.7447E-02,6.4043E-02,1.8298E-02,5.2606E-02,1.1436E-01,3.6596E-02,1.0293E-01,2.0585E-01,7.3192E-02,2.0585E-01,3.2021E-01,
3.07,9.1410E-03,2.7423E-02,6.3987E-02,1.8282E-02,5.2560E-02,1.1426E-01,3.6564E-02,1.0284E-01,2.0567E-01,7.3128E-02,2.0567E-01,3.1993E-01,
3.08,9.1330E-03,2.7399E-02,6.3931E-02,1.8266E-02,5.2514E-02,1.1416E-01,3.6532E-02,1.0275E-01,2.0549E-01,7.3064E-02,2.0549E-01,3.1965E-01,
3.09,9.1250E-03,2.7375E-02,6.3875E-02,1.8250E-02,5.2468E-02,1.1406E-01,3.6500E-02,1.0266E-01,2.0531E-01,7.3000E-02,2.0531E-01,3.1937E-01,
3.10,9.1170E-03,2.7351E-02,6.3819E-02,1.8234E-02,5.2422E-02,1.1396E-01,3.6468E-02,1.0257E-01,2.0513E-01,7.2936E-02,2.0513E-01,3.1909E-01,
3.11,9.1090E-03,2.7327E-02,6.3763E-02,1.8218E-02,5.2376E-02,1.1386E-01,3.6436E-02,1.0248E-01,2.0495E-01,7.2872E-02,2.0495E-01,3.1881E-01,
3.12,9.1010E-03,2.7303E-02,6.3707E-02,1.8202E-02,5.2330E-02,1.1376E-01,3.6404E-02,1.0239E-01,2.0477E-01,7.2808E-02,2.0477E-01,3.1853E-01,
3.13,9.0930E-03,2.7279E-02,6.3651E-02,1.8186E-02,5.2284E-02,1.1366E-01,3.6372E-02,1.0230E-01,2.0459E-01,7.2744E-02,2.0459E-01,3.1825E-01,
3.14,9.0850E-03,2.7255E-02,6.3595E-02,1.8170E-02,5.2238E-02,1.1356E-01,3.6340E-02,1.0221E-01,2.0441E-01,7.2680E-02,2.0441E-01,3.1797E-01,
3.15,9.0770E-03,2.7231E-02,6.3539E-02,1.8154E-02,5.2192E-02,1.1346E-01,3.6308E-02,1.0212E-01,2.0423E-01,7.2616E-02,2.0423E-01,3.1769E-01,
3.16,9.0690E-03,2.7207E-02,6.3483E-02,1.8138E-02,5.2146E-02,1.1336E-01,3.6276E-02,1.0203E-01,2.0405E-01,7.2552E-02,2.0405E-01,3.1741E-01,
3.17,9.0610E-03,2.7183E-02,6.3427E-02,1.8122E-02,5.2100E-02,1.1326E-01,3.6244E-02,1.0194E-01,2.0387E-01,7.2488E-02,2.0387E-01,3.1713E-01,
3.18,9.0530E-03,2.7159E-02,6.3371E-02,1.8106E-02,5.2054E-02,1.1316E-01,3.6212E-02,1.0185E-01,2.0369E-01,7.2424E-02,2.0369E-01,3.1685E-01,
3.19,9.0450E-03,2.7135E-02,6.3315E-02,1.8090E-02,5.2008E-02,1.1306E-01,3.6180E-02,1.0176E-01,2.0351E-01,7.2360E-02,2.0351E-01,3.1657E-01,
3.20,9.0370E-03,2.7111E-02,6.3259E-02,1.8074E-02,5.1962E-02,1.1296E-01,3.6148E-02,1.0167E-01,2.0333E-01,7.2296E-02,2.0333E-01,3.1629E-01,
3.21,9.0290E-03,2.7087E-02,6.3203E-02,1.8058E-02,5.1916E-02,1.1286E-01,3.6116E-02,1.0158E-01,2.0315E-01,7.2232E-02,2.0315E-01,3.1601E-01,
3.22,9.0210E-03,2.7063E-02,6.3147E-02,1.8042E-02,5.1870E-02,1.1276E-01,3.6084E-02,1.0149E-01,2.0297E-01,7.2168E-02,2.0297E-01,3.1573E-01,
3.23,9.0130E-03,2.7039E-02,6.3091E-02,1.8026E-02,5.1824E-02,1.1266E-01,3.6052E-02,1.0140E-01,2.0279E-01,7.2104E-02,2.0279E-01,3.1545E-01,
3.24,9.0050E-03,2.7015E-02,6.3035E-02,1.8010E-02,5.1778E-02,1.1256E-01,3.6020E-02,1.0131E-01,2.0261E-01,7.2040E-02,2.0261E-01,3.1517E-01,
3.25,8.9970E-03,2.6991E-02,6.2979E-02,1.7994E-02,5.1732E-02,1.1246E-01,3.5988E-02,1.0122E-01,2.0243E-01,7.1976E-02,2.0243E-01,3.1489E-01,
3.26,8.9890E-03,2.6967E-02,6.2923E-02,1.7978E-02,5.1686E-02,1.1236E-01,3.5956E-02,1.0113E-01,2.0225E-01,7.1912E-02,2.0225E-01,3.1461E-01,
3.27,8.9810E-03,2.6943E-02,6.2867E-02,1.7962E-02,5.1640E-02,1.1226E-01,3.5924E-02,1.0104E-01,2.0207E-01,7.1848E-02,2.0207E-01,3.1433E-01,
3.28,8.9730E-03,2.6919E-02,6.2811E-02,1.7946E-02,5.1594E-02,1.1216E-01,3.5892E-02,1.0095E-01,2.0189E-01,7.1784E-02,2.0189E-01,3.1405E-01,
3.29,8.9650E-03,2.6895E-02,6.2755E-02,1.7930E-02,5.1548E-02,1.1206E-01,3.5860E-02,1.0086E-01,2.0171E-01,7.1720E-02,2.0171E-01,3.1377E-01,
3.30,8.9570E-03,2.6871E-02,6.2699E-02,1.7914E-02,5.1502E-02,1.1196E-01,3.5828E-02,1.0077E-01,2.0153E-01,7.1656E-02,2.0153E-01,3.1349E-01,
3.31,8.9490E-03,2.6847E-02,6.2643E-02,1.7898E-02,5.1456E-02,1.1186E-01,3.5796E-02,1.0068E-01,2.0135E-01,7.1592E-02,2.0135E-01,3.1321E-01,
3.32,8.9410E-03,2.6823E-02,6.2587E-02,1.7882E-02,5.1410E-02,1.1176E-01,3.5764E-02,1.0059E-01,2.0117E-01,7.1528E-02,2.0117E-01,3.1293E-01,
3.33,8.9330E-03,2.6799E-02,6.2531E-02,1.7866E-02,5.1364E-02,1.1166E-01,3.5732E-02,1.0050E-01,2.0099E-01,7.1464E-02,2.0099E-01,3.1265E-01,
3.34,8.9250E-03,2.6775E-02,6.2475E-02,1.7850E-02,5.1318E-02,1.1156E-01,3.5700E-02,1.0041E-01,2.0081E-01,7.1400E-02,2.0081E-01,3.1237E-01,
3.35,8.9170E-03,2.6751E-02,6.2419E-02,1.7834E-02,5.1272E-02,1.1146E-01,3.5668E-02,1.0032E-01,2.0063E-01,7.1336E-02,2.0063E-01,3.1209E-01,
3.36,8.9090E-03,2.6727E-02,6.2363E-02,1.7818E-02,5.1226E-02,1.1136E-01,3.5636E-02,1.0023E-01,2.0045E-01,7.1272E-02,2.0045E-01,3.1181E-01,
3.37,8.9010E-03,2.6703E-02,6.2307E-02,1.7802E-02,5.1180E-02,1.1126E-01,3.5604E-02,1.0014E-01,2.0027E-01,7.1208E-02,2.0027E-01,3.1153E-01,
3.38,8.8930E-03,2.6679E-02,6.2251E-02,1.7786E-02,5.1134E-02,1.1116E-01,3.5572E-02,1.0005E-01,2.0009E-01,7.1144E-02,2.0009E-01,3.1125E-01,
3.39,8.8850E-03,2.6655E-02,6.2195E-02,1.7770E-02,5.1088E-02,1.1106E-01,3.5540E-02,9.9956E-02,1.9991E-01,7.1080E-02,1.9991E-01,3.1097E-01,
3.40,8.8770E-03,2.6631E-02,6.2139E-02,1.7754E-02,5.1042E-02,1.1096E-01,3.5508E-02,9.9866E-02,1.9973E-01,7.1016E-02,1.9973E-01,3.1069E-01,
3.41,8.8690E-03,2.6607E-02,6.2083E-02,1.7738E-02,5.0996E-02,1.1086E-01,3.5476E-02,9.9776E-02,1.9955E-01,7.0952E-02,1.9955E-01,3.1041E-01,
3.42,8.8610E-03,2.6583E-02,6.2027E-02,1.7722E-02,5.0950E-02,1.1076E-01,3.5444E-02,9.9686E-02,1.9937E-01,7.0888E-02,1.9937E-01,3.1013E-01,
3.43,8.8530E-03,2.6559E-02,6.1971E-02,1.7706E-02,5.0904E-02,1.1066E-01,3.5412E-02,9.9596E-02,1.9919E-01,7.0824E-02,1.9919E-01,3.0985E-01,
3.44,8.8450E-03,2.6535E-02,6.1915E-02,1.7690E-02,5.0858E-02,1.1056E-01,3.5380E-02,9.9506E-02,1.9901E-01,7.0760E-02,1.9901E-01,3.0957E-01,
3.45,8.8370E-03,2.6511E-02,6.1859E-02,1.7674E-02,5.0812E-02,1.1046E-01,3.5348E-02,9.9416E-02,1.9883E-01,7.0696E-02,1.9883E-01,3.0929E-01,
3.46,8.8290E-03,2.6487E-02,6.1803E-02,1.7658E-02,5.0766E-02,1.1036E-01,3.5316E-02,9.9326E-02,1.9865E-01,7.0632E-02,1.9865E-01,3.0901E-01,
3.47,8.8210E-03,2.6463E-02,6.1747E-02,1.7642E-02,5.0720E-02,1.1026E-01,3.5284E-02,9.9236E-02,1.9847E-01,7.0568E-02,1.9847E-01,3.0873E-01,
3.48,8.8130E-03,2.6439E-02,6.1691E-02,1.7626E-02,5.0674E-02,1.1016E-01,3.5252E-02,9.9146E-02,1.9829E-01,7.0504E-02,1.9829E-01,3.0845E-01,
3.49,8.8050E-03,2.6415E-02,6.1635E-02,1.7610E-02,5.0628E-02,1.1006E-01,3.5220E-02,9.9056E-02,1.9811E-01,7.0440E-02,1.9811E-01,3.0817E-01,
3.50,8.7970E-03,2.6391E-02,6.1579E-02,1.7594E-02,5.0582E-02,1.0996E-01,3.5188E-02,9.8966E-02,1.9793E-01,7.0376E-02,1.9793E-01,3.0789E-01,
3.51,8.7890E-03,2.6367E-02,6.1523E-02,1.7578E-02,5.0536E-02,1.0986E-01,3.5156E-02,9.8876E-02,1.9775E-01,7.0312E-02,1.9775E-01,3.0761E-01,
3.52,8.7810E-03,2.6343E-02,6.1467E-02,1.7562E-02,5.0490E-02,1.0976E-01,3.5124E-02,9.8786E-02,1.9757E-01,7.0248E-02,1.9757E-01,3.0733E-01,
3.53,8.7730E-03,2.6319E-02,6.1411E-02,1.7546E-02,5.0444E-02,1.0966E-01,3.5092E-02,9.8696E-02,1.9739E-01,7.0184E-02,1.9739E-01,3.0705E-01,
3.54,8.7650E-03,2.6295E-02,6.1355E-02,1.7530E-02,5.0398E-02,1.0956E-01,3.5060E-02,9.8606E-02,1.9721E-01,7.0120E-02,1.9721E-01,3.0677E-01,
3.55,8.7570E-03,2.6271E-02,6.1299E-02,1.7514E-02,5.0352E-02,1.0946E-01,3.5028E-02,9.8516E-02,1.9703E-01,7.0056E-02,1.9703E-01,3.0649E-01,
3.56,8.7490E-03,2.6247E-02,6.1243E-02,1.7498E-02,5.0306E-02,1.0936E-01,3.4996E-02,9.8426E-02,1.9685E-01,6.9992E-02,1.9685E-01,3.0621E-01,
3.57,8.7410E-03,2.6223E-02,6.1187E-02,1.7482E-02,5.0260E-02,1.0926E-01,3.4964E-02,9.8336E-02,1.9667E-01,6.9928E-02,1.9667E-01,3.0593E-01,
3.58,8.7330E-03,2.6199E-02,6.1131E-02,1.7466E-02,5.0214E-02,1.0916E-01,3.4932E-02,9.8246E-02,1.9649E-01,6.9864E-02,1.9649E-01,3.0565E-01,
3.59,8.7250E-03,2.6175E-02,6.1075E-02,1.7450E-02,5.0168E-02,1.0906E-01,3.4900E-02,9.8156E-02,1.9631E-01,6.9800E-02,1.9631E-01,3.0537E-01,
3.60,8.7170E-03,2.6151E-02,6.1019E-02,1.7434E-02,5.0122E-02,1.0896E-01,3.4868E-02,9.8066E-02,1.9613E-01,6.9736E-02,1.9613E-01,3.0509E-01,
3.61,8.7090E-03,2.6127E-02,6.0963E-02,1.7418E-02,5.0076E-02,1.0886E-01,3.4836E-02,9.7976E-02,1.9595E-01,6.9672E-02,1.9595E-01,3.0481E-01,
3.62,8.7010E-03,2.6103E-02,6.0907E-02,1.7402E-02,5.0030E-02,1.0876E-01,3.4804E-02,9.7886E-02,1.9577E-01,6.9608E-02,1.9577E-01,3.0453E-01,
3.63,8.6930E-03,2.6079E-02,6.0851E-02,1.7386E-02,4.9984E-02,1.0866E-01,3.4772E-02,9.7796E-02,1.9559E-01,6.9544E-02,1.9559E-01,3.0425E-01,
3.64,8.6850E-03,2.6055E-02,6.0795E-02,1.7370E-02,4.9938E-02,1.0856E-01,3.4740E-02,9.7706E-02,1.9541E-01,6.9480E-02,1.9541E-01,3.0397E-01,
3.65,8.6770E-03,2.6031E-02,6.0739E-02,1.7354E-02,4.9892E-02,1.0846E-01,3.4708E-02,9.7616E-02,1.9523E-01,6.9416E-02,1.9523E-01,3.0369E-01,
3.66,8.6690E-03,2.6007E-02,6.0683E-02,1.7338E-02,4.9846E-02,1.0836E-01,3.4676E-02,9.7526E-02,1.9505E-01,6.9352E-02,1.9505E-01,3.0341E-01,
3.67,8.6610E-03,2.5983E-02,6.0627E-02,1.7322E-02,4.9800E-02,1.0826E-01,3.4644E-02,9.7436E-02,1.9487E-01,6.9288E-02,1.9487E-01,3.0313E-01,
3.68,8.6530E-03,2.5959E-02,6.0571E-02,1.7306E-02,4.9754E-02,1.0816E-01,3.4612E-02,9.7346E-02,1.9469E-01,6.9224E-02,1.9469E-01,3.0285E-01,
3.69,8.6450E-03,2.5935E-02,6.0515E-02,1.7290E-02,4.9708E-02,1.0806E-01,3.4580E-02,9.7256E-02,1.9451E-01,6.9160E-02,1.9451E-01,3.0257E-01,
3.70,8.6370E-03,2.5911E-02,6.0459E-02,1.7274E-02,4.9662E-02,1.0796E-01,3.4548E-02,9.7166E-02,1.9433E-01,6.9096E-02,1.9433E-01,3.0229E-01,
3.71,8.6290E-03,2.5887E-02,6.0403E-02,1.7258E-02,4.9616E-02,1.0786E-01,3.4516E-02,9.7076E-02,1.9415E-01,6.9032E-02,1.9415E-01,3.0201E-01,
3.72,8.6210E-03,2.5863E-02,6.0347E-02,1.7242E-02,4.9570E-02,1.0776E-01,3.4484E-02,9.6986E-02,1.9397E-01,6.8968E-02,1.9397E-01,3.0173E-01,
3.73,8.6130E-03,2.5839E-02,6.0291E-02,1.7226E-02,4.9524E-02,1.0766E-01,3.4452E-02,9.6896E-02,1.9379E-01,6.8904E-02,1.9379E-01,3.0145E-01,
3.74,8.6050E-03,2.5815E-02,6.0235E-02,1.7210E-02,4.9478E-02,1.0756E-01,3.4420E-02,9.6806E-02,1.9361E-01,6.8840E-02,1.9361E-01,3.0117E-01,
3.75,8.5970E-03,2.5791E-02,6.0179E-02,1.7194E-02,4.9432E-02,1.0746E-01,3.4388E-02,9.6716E-02,1.9343E-01,6.8776E-02,1.9343E-01,3.0089E-01,
3.76,8.5890E-03,2.5767E-02,6.0123E-02,1.7178E-02,4.9386E-02,1.0736E-01,3.4356E-02,9.6626E-02,1.9325E-01,6.8712E-02,1.9325E-01,3.0061E-01,
3.77,8.5810E-03,2.5743E-02,6.0067E-02,1.7162E-02,4.9340E-02,1.0726E-01,3.4324E-02,9.6536E-02,1.9307E-01,6.8648E-02,1.9307E-01,3.0033E-01,
3.78,8.5730E-03,2.5719E-02,6.0011E-02,1.7146E-02,4.9294E-02,1.0716E-01,3.4292E-02,9.6446E-02,1.9289E-01,6.8584E-02,1.9289E-01,3.0005E-01,
3.79,8.5650E-03,2.5695E-02,5.9955E-02,1.7130E-02,4.9248E-02,1.0706E-01,3.4260E-02,9.6356E-02,1.9271E-01,6.8520E-02,1.9271E-01,2.9977E-01,
3.80,8.5570E-03,2.5671E-02,5.9899E-02,1.7114E-02,4.9202E-02,1.0696E-01,3.4228E-02,9.6266E-02,1.9253E-01,6.8456E-02,1.9253E-01,2.9949E-01,
3.81,8.5490E-03,2.5647E-02,5.9843E-02,1.7098E-02,4.9156E-02,1.0686E-01,3.4196E-02,9.6176E-02,1.9235E-01,6.8392E-02,1.9235E-01,2.9921E-01,
3.82,8.5410E-03,2.5623E-02,5.9787E-02,1.7082E-02,4.9110E-02,1.0676E-01,3.4164E-02,9.6086E-02,1.9217E-01,6.8328E-02,1.9217E-01,2.9893E-01,
3.83,8.5330E-03,2.5599E-02,5.9731E-02,1.7066E-02,4.9064E-02,1.0666E-01,3.4132E-02,9.5996E-02,1.9199E-01,6.8264E-02,1.9199E-01,2.9865E-01,
3.84,8.5250E-03,2.5575E-02,5.9675E-02,1.7050E-02,4.9018E-02,1.0656E-01,3.4100E-02,9.5906E-02,1.9181E-01,6.8200E-02,1.9181E-01,2.9837E-01,
3.85,8.5170E-03,2.5551E-02,5.9619E-02,1.7034E-02,4.8972E-02,1.0646E-01,3.4068E-02,9.5816E-02,1.9163E-01,6.8136E-02,1.9163E-01,2.9809E-01,
3.86,8.5090E-03,2.5527E-02,5.9563E-02,1.7018E-02,4.8926E-02,1.0636E-01,3.4036E-02,9.5726E-02,1.9145E-01,6.8072E-02,1.9145E-01,2.9781E-01,
3.87,8.5010E-03,2.5503E-02,5.9507E-02,1.7002E-02,4.8880E-02,1.0626E-01,3.4004E-02,9.5636E-02,1.9127E-01,6.8008E-02,1.9127E-01,2.9753E-01,
3.88,8.4930E-03,2.5479E-02,5.9451E-02,1.6986E-02,4.8834E-02,1.0616E-01,3.3972E-02,9.5546E-02,1.9109E-01,6.7944E-02,1.9109E-01,2.9725E-01,
3.89,8.4850E-03,2.5455E-02,5.9395E-02,1.6970E-02,4.8788E-02,1.0606E-01,3.3940E-02,9.5456E-02,1.9091E-01,6.7880E-02,1.9091E-01,2.9697E-01,
3.90,8.4770E-03,2.5431E-02,5.9339E-02,1.6954E-02,4.8742E-02,1.0596E-01,3.3908E-02,9.5366E-02,1.9073E-01,6.7816E-02,1.9073E-01,2.9669E-01,
3.91,8.4690E-03,2.5407E-02,5.9283E-02,1.6938E-02,4.8696E-02,1.0586E-01,3.3876E-02,9.5276E-02,1.9055E-01,6.7752E-02,1.9055E-01,2.9641E-01,
3.92,8.4610E-03,2.5383E-02,5.9227E-02,1.6922E-02,4.8650E-02,1.0576E-01,3.3844E-02,9.5186E-02,1.9037E-01,6.7688E-02,1.9037E-01,2.9613E-01,
3.93,8.4530E-03,2.5359E-02,5.9171E-02,1.6906E-02,4.8604E-02,1.0566E-01,3.3812E-02,9.5096E-02,1.9019E-01,6.7624E-02,1.9019E-01,2.9585E-01,
3.94,8.4450E-03,2.5335E-02,5.9115E-02,1.6890E-02,4.8558E-02,1.0556E-01,3.3780E-02,9.5006E-02,1.9001E-01,6.7560E-02,1.9001E-01,2.9557E-01,
3.95,8.4370E-03,2.5311E-02,5.9059E-02,1.6874E-02,4.8512E-02,1.0546E-01,3.3748E-02,9.4916E-02,1.8983E-01,6.7496E-02,1.8983E-01,2.9529E-01,
3.96,8.4290E-03,2.5287E-02,5.9003E-02,1.6858E-02,4.8466E-02,1.0536E-01,3.3716E-02,9.4826E-02,1.8965E-01,6.7432E-02,1.8965E-01,2.9501E-01,
3.97,8.4210E-03,2.5263E-02,5.8947E-02,1.6842E-02,4.8420E-02,1.0526E-01,3.3684E-02,9.4736E-02,1.8947E-01,6.7368E-02,1.8947E-01,2.9473E-01,
3.98,8.4130E-03,2.5239E-02,5.8891E-02,1.6826E-02,4.8374E-02,1.0516E-01,3.3652E-02,9.4646E-02,1.8929E-01,6.7304E-02,1.8929E-01,2.9445E-01,
3.99,8.4050E-03,2.5215E-02,5.8835E-02,1.6810E-02,4.8328E-02,1.0506E-01,3.3620E-02,9.4556E-02,1.8911E-01,6.7240E-02,1.8911E-01,2.9417E-01,
4.00,8.3970E-03,2.5191E-02,5.8779E-02,1.6794E-02,4.8282E-02,1.0496E-01,3.3588E-02,9.4466E-02,1.8893E-01,6.7176E-02,1.8893E-01,2.9389E-01,
4.01,8.3890E-03,2.5167E-02,5.8723E-02,1.6778E-02,4.8236E-02,1.0486E-01,3.3556E-02,9.4376E-02,1.8875E-01,6.7112E-02,1.8875E-01,2.9361E-01,
4.02,8.3810E-03,2.5143E-02,5.8667E-02,1.6762E-02,4.8190E-02,1.0476E-01,3.3524E-02,9.4286E-02,1.8857E-01,6.7048E-02,1.8857E-01,2.9333E-01,
4.03,8.3730E-03,2.5119E-02,5.8611E-02,1.6746E-02,4.8144E-02,1.0466E-01,3.3492E-02,9.4196E-02,1.8839E-01,6.6984E-02,1.8839E-01,2.9305E-01,
4.04,8.3650E-03,2.5095E-02,5.8555E-02,1.6730E-02,4.8098E-02,1.0456E-01,3.3460E-02,9.4106E-02,1.8821E-01,6.6920E-02,1.8821E-01,2.9277E-01,
4.05,8.3570E-03,2.5071E-02,5.8499E-02,1.6714E-02,4.8052E-02,1.0446E-01,3.3428E-02,9.4016E-02,1.8803E-01,6.6856E-02,1.8803E-01,2.9249E-01,
4.06,8.3490E-03,2.5047E-02,5.8443E-02,1.6698E-02,4.8006E-02,1.0436E-01,3.3396E-02,9.3926E-02,1.8785E-01,6.6792E-02,1.8785E-01,2.9221E-01,
4.07,8.3410E-03,2.5023E-02,5.8387E-02,1.6682E-02,4.7960E-02,1.0426E-01,3.3364E-02,9.3836E-02,1.8767E-01,6.6728E-02,1.8767E-01,2.9193E-01,
4.08,8.3330E-03,2.4999E-02,5.8331E-02,1.6666E-02,4.7914E-02,1.0416E-01,3.3332E-02,9.3746E-02,1.8749E-01,6.6664E-02,1.8749E-01,2.9165E-01,
4.09,8.3250E-03,2.4975E-02,5.8275E-02,1.6650E-02,4.7868E-02,1.0406E-01,3.3300E-02,9.3656E-02,1.8731E-01,6.6600E-02,1.8731E-01,2.9137E-01,
4.10,8.3170E-03,2.4951E-02,5.8219E-02,1.6634E-02,4.7822E-02,1.0396E-01,3.3268E-02,9.3566E-02,1.8713E-01,6.6536E-02,1.8713E-01,2.9109E-01,
4.11,8.3090E-03,2.4927E-02,5.8163E-02,1.6618E-02,4.7776E-02,1.0386E-01,3.3236E-02,9.3476E-02,1.8695E-01,6.6472E-02,1.8695E-01,2.9081E-01,
4.12,8.3010E-03,2.4903E-02,5.8107E-02,1.6602E-02,4.7730E-02,1.0376E-01,3.3204E-02,9.3386E-02,1.8677E-01,6.6408E-02,1.8677E-01,2.9053E-01,
4.13,8.2930E-03,2.4879E-02,5.8051E-02,1.6586E-02,4.7684E-02,1.0366E-01,3.3172E-02,9.3296E-02,1.8659E-01,6.6344E-02,1.8659E-01,2.9025E-01,
4.14,8.2850E-03,2.4855E-02,5.7995E-02,1.6570E-02,4.7638E-02,1.0356E-01,3.3140E-02,9.3206E-02,1.8641E-01,6.6280E-02,1.8641E-01,2.8997E-01,
4.15,8.2770E-03,2.4831E-02,5.7939E-02,1.6554E-02,4.7592E-02,1.0346E-01,3.3108E-02,9.3116E-02,1.8623E-01,6.6216E-02,1.8623E-01,2.8969E-01,
4.16,8.2690E-03,2.4807E-02,5.7883E-02,1.6538E-02,4.7546E-02,1.0336E-01,3.3076E-02,9.3026E-02,1.8605E-01,6.6152E-02,1.8605E-01,2.8941E-01,
4.17,8.2610E-03,2.4783E-02,5.7827E-02,1.6522E-02,4.7500E-02,1.0326E-01,3.3044E-02,9.2936E-02,1.8587E-01,6.6088E-02,1.8587E-01,2.8913E-01,
4.18,8.2530E-03,2.4759E-02,5.7771E-02,1.6506E-02,4.7454E-02,1.0316E-01,3.3012E-02,9.2846E-02,1.8569E-01,6.6024E-02,1.8569E-01,2.8885E-01,
4.19,8.2450E-03,2.4735E-02,5.7715E-02,1.6490E-02,4.7408E-02,1.0306E-01,3.2980E-02,9.2756E-02,1.8551E-01,6.5960E-02,1.8551E-01,2.8857E-01,
4.20,8.2370E-03,2.4711E-02,5.7659E-02,1.6474E-02,4.7362E-02,1.0296E-01,3.2948E-02,9.2666E-02,1.8533E-01,6.5896E-02,1.8533E-01,2.8829E-01,
4.21,8.2290E-03,2.4687E-02,5.7603E-02,1.6458E-02,4.7316E-02,1.0286E-01,3.2916E-02,9.2576E-02,1.8515E-01,6.5832E-02,1.8515E-01,2.8801E-01,
4.22,8.2210E-03,2.4663E-02,5.7547E-02,1.6442E-02,4.7270E-02,1.0276E-01,3.2884E-02,9.2486E-02,1.8497E-01,6.5768E-02,1.8497E-01,2.8773E-01,
4.23,8.2130E-03,2.4639E-02,5.7491E-02,1.6426E-02,4.7224E-02,1.0266E-01,3.2852E-02,9.2396E-02,1.8479E-01,6.5704E-02,1.8479E-01,2.8745E-01,
4.24,8.2050E-03,2.4615E-02,5.7435E-02,1.6410E-02,4.7178E-02,1.0256E-01,3.2820E-02,9.2306E-02,1.8461E-01,6.5640E-02,1.8461E-01,2.8717E-01,
4.25,8.1970E-03,2.4591E-02,5.7379E-02,1.6394E-02,4.7132E-02,1.0246E-01,3.2788E-02,9.2216E-02,1.8443E-01,6.5576E-02,1.8443E-01,2.8689E-01,
4.26,8.1890E-03,2.4567E-02,5.7323E-02,1.6378E-02,4.7086E-02,1.0236E-01,3.2756E-02,9.2126E-02,1.8425E-01,6.5512E-02,1.8425E-01,2.8661E-01,
4.27,8.1810E-03,2.4543E-02,5.7267E-02,1.6362E-02,4.7040E-02,1.0226E-01,3.2724E-02,9.2036E-02,1.8407E-01,6.5448E-02,1.8407E-01,2.8633E-01,
4.28,8.1730E-03,2.4519E-02,5.7211E-02,1.6346E-02,4.6994E-02,1.0216E-01,3.2692E-02,9.1946E-02,1.8389E-01,6.5384E-02,1.8389E-01,2.8605E-01,
4.29,8.1650E-03,2.4495E-02,5.7155E-02,1.6330E-02,4.6948E-02,1.0206E-01,3.2660E-02,9.1856E-02,1.8371E-01,6.5320E-02,1.8371E-01,2.8577E-01,
4.30,8.1570E-03,2.4471E-02,5.7099E-02,1.6314E-02,4.6902E-02,1.0196E-01,3.2628E-02,9.1766E-02,1.8353E-01,6.5256E-02,1.8353E-01,2.8549E-01,
4.31,8.1490E-03,2.4447E-02,5.7043E-02,1.6298E-02,4.6856E-02,1.0186E-01,3.2596E-02,9.1676E-02,1.8335E-01,6.5192E-02,1.8335E-01,2.8521E-01,
4.32,8.1410E-03,2.4423E-02,5.6987E-02,1.6282E-02,4.6810E-02,1.0176E-01,3.2564E-02,9.1586E-02,1.8317E-01,6.5128E-02,1.8317E-01,2.8493E-01,
4.33,8.1330E-03,2.4399E-02,5.6931E-02,1.6266E-02,4.6764E-02,1.0166E-01,3.2532E-02,9.1496E-02,1.8299E-01,6.5064E-02,1.8299E-01,2.8465E-01,
4.34,8.1250E-03,2.4375E-02,5.6875E-02,1.6250E-02,4.6718E-02,1.0156E-01,3.2500E-02,9.1406E-02,1.8281E-01,6.5000E-02,1.8281E-01,2.8437E-01,
4.35,8.1170E-03,2.4351E-02,5.6819E-02,1.6234E-02,4.6672E-02,1.0146E-01,3.2468E-02,9.1316E-02,1.8263E-01,6.4936E-02,1.8263E-01,2.8409E-01,
4.36,8.1090E-03,2.4327E-02,5.6763E-02,1.6218E-02,4.6626E-02,1.0136E-01,3.2436E-02,9.1226E-02,1.8245E-01,6.4872E-02,1.8245E-01,2.8381E-01,
4.37,8.1010E-03,2.4303E-02,5.6707E-02,1.6202E-02,4.6580E-02,1.0126E-01,3.2404E-02,9.1136E-02,1.8227E-01,6.4808E-02,1.8227E-01,2.8353E-01,
4.38,8.0930E-03,2.4279E-02,5.6651E-02,1.6186E-02,4.6534E-02,1.0116E-01,3.2372E-02,9.1046E-02,1.8209E-01,6.4744E-02,1.8209E-01,2.8325E-01,
4.39,8.0850E-03,2.4255E-02,5.6595E-02,1.6170E-02,4.6488E-02,1.0106E-01,3.2340E-02,9.0956E-02,1.8191E-01,6.4680E-02,1.8191E-01,2.8297E-01,
4.40,8.0770E-03,2.4231E-02,5.6539E-02,1.6154E-02,4.6442E-02,1.0096E-01,3.2308E-02,9.0866E-02,1.8173E-01,6.4616E-02,1.8173E-01,2.8269E-01,
4.41,8.0690E-03,2.4207E-02,5.6483E-02,1.6138E-02,4.6396E-02,1.0086E-01,3.2276E-02,9.0776E-02,1.8155E-01,6.4552E-02,1.8155E-01,2.8241E-01,
4.42,8.0610E-03,2.4183E-02,5.6427E-02,1.6122E-02,4.6350E-02,1.0076E-01,3.2244E-02,9.0686E-02,1.8137E-01,6.4488E-02,1.8137E-01,2.8213E-01,
4.43,8.0530E-03,2.4159E-02,5.6371E-02,1.6106E-02,4.6304E-02,1.0066E-01,3.2212E-02,9.0596E-02,1.8119E-01,6.4424E-02,1.8119E-01,2.8185E-01,
4.44,8.0450E-03,2.4135E-02,5.6315E-02,1.6090E-02,4.6258E-02,1.0056E-01,3.2180E-02,9.0506E-02,1.8101E-01,6.4360E-02,1.8101E-01,2.8157E-01,
4.45,8.0370E-03,2.4111E-02,5.6259E-02,1.6074E-02,4.6212E-02,1.0046E-01,3.2148E-02,9.0416E-02,1.8083E-01,6.4296E-02,1.8083E-01,2.8129E-01,
4.46,8.0290E-03,2.4087E-02,5.6203E-02,1.6058E-02,4.6166E-02,1.0036E-01,3.2116E-02,9.0326E-02,1.8065E-01,6.4232E-02,1.8065E-01,2.8101E-01,
4.47,8.0210E-03,2.4063E-02,5.6147E-02,1.6042E-02,4.6120E-02,1.0026E-01,3.2084E-02,9.0236E-02,1.8047E-01,6.4168E-02,1.8047E-01,2.8073E-01,
4.48,8.0130E-03,2.4039E-02,5.6091E-02,1.6026E-02,4.6074E-02,1.0016E-01,3.2052E-02,9.0146E-02,1.8029E-01,6.4104E-02,1.8029E-01,2.8045E-01,
4.49,8.0050E-03,2.4015E-02,5.6035E-02,1.6010E-02,4.6028E-02,1.0006E-01,3.2020E-02,9.0056E-02,1.8011E-01,6.4040E-02,1.8011E-01,2.8017E-01,
4.50,7.9970E-03,2.3991E-02,5.5979E-02,1.5994E-02,4.5982E-02,9.9962E-02,3.1988E-02,8.9966E-02,1.7993E-01,6.3976E-02,1.7993E-01,2.7989E-01,
4.51,7.9890E-03,2.3967E-02,5.5923E-02,1.5978E-02,4.5936E-02,9.9862E-02,3.1956E-02,8.9876E-02,1.7975E-01,6.3912E-02,1.7975E-01,2.7961E-01,
4.52,7.9810E-03,2.3943E-02,5.5867E-02,1.5962E-02,4.5890E-02,9.9762E-02,3.1924E-02,8.9786E-02,1.7957E-01,6.3848E-02,1.7957E-01,2.7933E-01,
4.53,7.9730E-03,2.3919E-02,5.5811E-02,1.5946E-02,4.5844E-02,9.9662E-02,3.1892E-02,8.9696E-02,1.7939E-01,6.3784E-02,1.7939E-01,2.7905E-01,
4.54,7.9650E-03,2.3895E-02,5.5755E-02,1.5930E-02,4.5798E-02,9.9562E-02,3.1860E-02,8.9606E-02,1.7921E-01,6.3720E-02,1.7921E-01,2.7877E-01,
4.55,7.9570E-03,2.3871E-02,5.5699E-02,1.5914E-02,4.5752E-02,9.9462E-02,3.1828E-02,8.9516E-02,1.7903E-01,6.3656E-02,1.7903E-01,2.7849E-01,
4.56,7.9490E-03,2.3847E-02,5.5643E-02,1.5898E-02,4.5706E-02,9.9362E-02,3.1796E-02,8.9426E-02,1.7885E-01,6.3592E-02,1.7885E-01,2.7821E-01,
4.57,7.9410E-03,2.3823E-02,5.5587E-02,1.5882E-02,4.5660E-02,9.9262E-02,3.1764E-02,8.9336E-02,1.7867E-01,6.3528E-02,1.7867E-01,2.7793E-01,
4.58,7.9330E-03,2.3799E-02,5.5531E-02,1.5866E-02,4.5614E-02,9.9162E-02,3.1732E-02,8.9246E-02,1.7849E-01,6.3464E-02,1.7849E-01,2.7765E-01,
4.59,7.9250E-03,2.3775E-02,5.5475E-02,1.5850E-02,4.5568E-02,9.9062E-02,3.1700E-02,8.9156E-02,1.7831E-01,6.3400E-02,1.7831E-01,2.7737E-01,
4.60,7.9170E-03,2.3751E-02,5.5419E-02,1.5834E-02,4.5522E-02,9.8962E-02,3.1668E-02,8.9066E-02,1.7813E-01,6.3336E-02,1.7813E-01,2.7709E-01,
4.61,7.9090E-03,2.3727E-02,5.5363E-02,1.5818E-02,4.5476E-02,9.8862E-02,3.1636E-02,8.8976E-02,1.7795E-01,6.3272E-02,1.7795E-01,2.7681E-01,
4.62,7.9010E-03,2.3703E-02,5.5307E-02,1.5802E-02,4.5430E-02,9.8762E-02,3.1604E-02,8.8886E-02,1.7777E-01,6.3208E-02,1.7777E-01,2.7653E-01,
4.63,7.8930E-03,2.3679E-02,5.5251E-02,1.5786E-02,4.5384E-02,9.8662E-02,3.1572E-02,8.8796E-02,1.7759E-01,6.3144E-02,1.7759E-01,2.7625E-01,
4.64,7.8850E-03,2.3655E-02,5.5195E-02,1.5770E-02,4.5338E-02,9.8562E-02,3.1540E-02,8.8706E-02,1.7741E-01,6.3080E-02,1.7741E-01,2.7597E-01,
4.65,7.8770E-03,2.3631E-02,5.5139E-02,1.5754E-02,4.5292E-02,9.8462E-02,3.1508E-02,8.8616E-02,1.7723E-01,6.3016E-02,1.7723E-01,2.7569E-01,
4.66,7.8690E-03,2.3607E-02,5.5083E-02,1.5738E-02,4.5246E-02,9.8362E-02,3.1476E-02,8.8526E-02,1.7705E-01,6.2952E-02,1.7705E-01,2.7541E-01,
4.67,7.8610E-03,2.3583E-02,5.5027E-02,1.5722E-02,4.5200E-02,9.8262E-02,3.1444E-02,8.8436E-02,1.7687E-01,6.2888E-02,1.7687E-01,2.7513E-01,
4.68,7.8530E-03,2.3559E-02,5.4971E-02,1.5706E-02,4.5154E-02,9.8162E-02,3.1412E-02,8.8346E-02,1.7669E-01,6.2824E-02,1.7669E-01,2.7485E-01,
4.69,7.8450E-03,2.3535E-02,5.4915E-02,1.5690E-02,4.5108E-02,9.8062E-02,3.1380E-02,8.8256E-02,1.7651E-01,6.2760E-02,1.7651E-01,2.7457E-01,
4.70,7.8370E-03,2.3511E-02,5.4859E-02,1.5674E-02,4.5062E-02,9.7962E-02,3.1348E-02,8.8166E-02,1.7633E-01,6.2696E-02,1.7633E-01,2.7429E-01,
4.71,7.8290E-03,2.3487E-02,5.4803E-02,1.5658E-02,4.5016E-02,9.7862E-02,3.1316E-02,8.8076E-02,1.7615E-01,6.2632E-02,1.7615E-01,2.7401E-01,
4.72,7.8210E-03,2.3463E-02,5.4747E-02,1.5642E-02,4.4970E-02,9.7762E-02,3.1284E-02,8.7986E-02,1.7597E-01,6.2568E-02,1.7597E-01,2.7373E-01,
4.73,7.8130E-03,2.3439E-02,5.4691E-02,1.5626E-02,4.4924E-02,9.7662E-02,3.1252E-02,8.7896E-02,1.7579E-01,6.2504E-02,1.7579E-01,2.7345E-01,
4.74,7.8050E-03,2.3415E-02,5.4635E-02,1.5610E-02,4.4878E-02,9.7562E-02,3.1220E-02,8.7806E-02,1.7561E-01,6.2440E-02,1.7561E-01,2.7317E-01,
4.75,7.7970E-03,2.3391E-02,5.4579E-02,1.5594E-02,4.4832E-02,9.7462E-02,3.1188E-02,8.7716E-02,1.7543E-01,6.2376E-02,1.7543E-01,2.7289E-01,
4.76,7.7890E-03,2.3367E-02,5.4523E-02,1.5578E-02,4.4786E-02,9.7362E-02,3.1156E-02,8.7626E-02,1.7525E-01,6.2312E-02,1.7525E-01,2.7261E-01,
4.77,7.7810E-03,2.3343E-02,5.4467E-02,1.5562E-02,4.4740E-02,9.7262E-02,3.1124E-02,8.7536E-02,1.7507E-01,6.2248E-02,1.7507E-01,2.7233E-01,
4.78,7.7730E-03,2.3319E-02,5.4411E-02,1.5546E-02,4.4694E-02,9.7162E-02,3.1092E-02,8.7446E-02,1.7489E-01,6.2184E-02,1.7489E-01,2.7205E-01,
4.79,7.7650E-03,2.3295E-02,5.4355E-02,1.5530E-02,4.4648E-02,9.7062E-02,3.1060E-02,8.7356E-02,1.7471E-01,6.2120E-02,1.7471E-01,2.7177E-01,
4.80,7.7570E-03,2.3271E-02,5.4299E-02,1.5514E-02,4.4602E-02,9.6962E-02,3.1028E-02,8.7266E-02,1.7453E-01,6.2056E-02,1.7453E-01,2.7149E-01,
4.81,7.7490E-03,2.3247E-02,5.4243E-02,1.5498E-02,4.4556E-02,9.6862E-02,3.0996E-02,8.7176E-02,1.7435E-01,6.1992E-02,1.7435E-01,2.7121E-01,
4.82,7.7410E-03,2.3223E-02,5.4187E-02,1.5482E-02,4.4510E-02,9.6762E-02,3.0964E-02,8.7086E-02,1.7417E-01,6.1928E-02,1.7417E-01,2.7093E-01,
4.83,7.7330E-03,2.3199E-02,5.4131E-02,1.5466E-02,4.4464E-02,9.6662E-02,3.0932E-02,8.6996E-02,1.7399E-01,6.1864E-02,1.7399E-01,2.7065E-01,
4.84,7.7250E-03,2.3175E-02,5.4075E-02,1.5450E-02,4.4418E-02,9.6562E-02,3.0900E-02,8.6906E-02,1.7381E-01,6.1800E-02,1.7381E-01,2.7037E-01,
4.85,7.7170E-03,2.3151E-02,5.4019E-02,1.5434E-02,4.4372E-02,9.6462E-02,3.0868E-02,8.6816E-02,1.7363E-01,6.1736E-02,1.7363E-01,2.7009E-01,
4.86,7.7090E-03,2.3127E-02,5.3963E-02,1.5418E-02,4.4326E-02,9.6362E-02,3.0836E-02,8.6726E-02,1.7345E-01,6.1672E-02,1.7345E-01,2.6981E-01,
4.87,7.7010E-03,2.3103E-02,5.3907E-02,1.5402E-02,4.4280E-02,9.6262E-02,3.0804E-02,8.6636E-02,1.7327E-01,6.1608E-02,1.7327E-01,2.6953E-01,
4.88,7.6930E-03,2.3079E-02,5.3851E-02,1.5386E-02,4.4234E-02,9.6162E-02,3.0772E-02,8.6546E-02,1.7309E-01,6.1544E-02,1.7309E-01,2.6925E-01,
4.89,7.6850E-03,2.3055E-02,5.3795E-02,1.5370E-02,4.4188E-02,9.6062E-02,3.0740E-02,8.6456E-02,1.7291E-01,6.1480E-02,1.7291E-01,2.6897E-01,
4.90,7.6770E-03,2.3031E-02,5.3739E-02,1.5354E-02,4.4142E-02,9.5962E-02,3.0708E-02,8.6366E-02,1.7273E-01,6.1416E-02,1.7273E-01,2.6869E-01,
4.91,7.6690E-03,2.3007E-02,5.3683E-02,1.5338E-02,4.4096E-02,9.5862E-02,3.0676E-02,8.6276E-02,1.7255E-01,6.1352E-02,1.7255E-01,2.6841E-01,
4.92,7.6610E-03,2.2983E-02,5.3627E-02,1.5322E-02,4.4050E-02,9.5762E-02,3.0644E-02,8.6186E-02,1.7237E-01,6.1288E-02,1.7237E-01,2.6813E-01,
4.93,7.6530E-03,2.2959E-02,5.3571E-02,1.5306E-02,4.4004E-02,9.5662E-02,3.0612E-02,8.6096E-02,1.7219E-01,6.1224E-02,1.7219E-01,2.6785E-01,
4.94,7.6450E-03,2.2935E-02,5.3515E-02,1.5290E-02,4.3958E-02,9.5562E-02,3.0580E-02,8.6006E-02,1.7201E-01,6.1160E-02,1.7201E-01,2.6757E-01,
4.95,7.6370E-03,2.2911E-02,5.3459E-02,1.5274E-02,4.3912E-02,9.5462E-02,3.0548E-02,8.5916E-02,1.7183E-01,6.1096E-02,1.7183E-01,2.6729E-01,
4.96,7.6290E-03,2.2887E-02,5.3403E-02,1.5258E-02,4.3866E-02,9.5362E-02,3.0516E-02,8.5826E-02,1.7165E-01,6.1032E-02,1.7165E-01,2.6701E-01,
4.97,7.6210E-03,2.2863E-02,5.3347E-02,1.5242E-02,4.3820E-02,9.5262E-02,3.0484E-02,8.5736E-02,1.7147E-01,6.0968E-02,1.7147E-01,2.6673E-01,
4.98,7.6130E-03,2.2839E-02,5.3291E-02,1.5226E-02,4.3774E-02,9.5162E-02,3.0452E-02,8.5646E-02,1.7129E-01,6.0904E-02,1.7129E-01,2.6645E-01,
4.99,7.6050E-03,2.2815E-02,5.3235E-02,1.5210E-02,4.3728E-02,9.5062E-02,3.0420E-02,8.5556E-02,1.7111E-01,6.0840E-02,1.7111E-01,2.6617E-01,
5.00,7.5970E-03,2.2791E-02,5.3179E-02,1.5194E-02,4.3682E-02,9.4962E-02,3.0388E-02,8.5466E-02,1.7093E-01,6.0776E-02,1.7093E-01,2.6589E-01,
5.01,7.5890E-03,2.2767E-02,5.3123E-02,1.5178E-02,4.3636E-02,9.4862E-02,3.0356E-02,8.5376E-02,1.7075E-01,6.0712E-02,1.7075E-01,2.6561E-01,
5.02,7.5810E-03,2.2743E-02,5.3067E-02,1.5162E-02,4.3590E-02,9.4762E-02,3.0324E-02,8.5286E-02,1.7057E-01,6.0648E-02,1.7057E-01,2.6533E-01,
5.03,7.5730E-03,2.2719E-02,5.3011E-02,1.5146E-02,4.3544E-02,9.4662E-02,3.0292E-02,8.5196E-02,1.7039E-01,6.0584E-02,1.7039E-01,2.6505E-01,
5.04,7.5650E-03,2.2695E-02,5.2955E-02,1.5130E-02,4.3498E-02,9.4562E-02,3.0260E-02,8.5106E-02,1.7021E-01,6.0520E-02,1.7021E-01,2.6477E-01,
5.05,7.5570E-03,2.2671E-02,5.2899E-02,1.5114E-02,4.3452E-02,9.4462E-02,3.0228E-02,8.5016E-02,1.7003E-01,6.0456E-02,1.7003E-01,2.6449E-01,
5.06,7.5490E-03,2.2647E-02,5.2843E-02,1.5098E-02,4.3406E-02,9.4362E-02,3.0196E-02,8.4926E-02,1.6985E-01,6.0392E-02,1.6985E-01,2.6421E-01,
5.07,7.5410E-03,2.2623E-02,5.2787E-02,1.5082E-02,4.3360E-02,9.4262E-02,3.0164E-02,8.4836E-02,1.6967E-01,6.0328E-02,1.6967E-01,2.6393E-01,
5.08,7.5330E-03,2.2599E-02,5.2731E-02,1.5066E-02,4.3314E-02,9.4162E-02,3.0132E-02,8.4746E-02,1.6949E-01,6.0264E-02,1.6949E-01,2.6365E-01,
5.09,7.5250E-03,2.2575E-02,5.2675E-02,1.5050E-02,4.3268E-02,9.4062E-02,3.0100E-02,8.4656E-02,1.6931E-01,6.0200E-02,1.6931E-01,2.6337E-01,
5.10,7.5170E-03,2.2551E-02,5.2619E-02,1.5034E-02,4.3222E-02,9.3962E-02,3.0068E-02,8.4566E-02,1.6913E-01,6.0136E-02,1.6913E-01,2.6309E-01,
5.11,7.5090E-03,2.2527E-02,5.2563E-02,1.5018E-02,4.3176E-02,9.3862E-02,3.0036E-02,8.4476E-02,1.6895E-01,6.0072E-02,1.6895E-01,2.6281E-01,
5.12,7.5010E-03,2.2503E-02,5.2507E-02,1.5002E-02,4.3130E-02,9.3762E-02,3.0004E-02,8.4386E-02,1.6877E-01,6.0008E-02,1.6877E-01,2.6253E-01,
5.13,7.4930E-03,2.2479E-02,5.2451E-02,1.4986E-02,4.3084E-02,9.3662E-02,2.9972E-02,8.4296E-02,1.6859E-01,5.9944E-02,1.6859E-01,2.6225E-01,
5.14,7.4850E-03,2.2455E-02,5.2395E-02,1.4970E-02,4.3038E-02,9.3562E-02,2.9940E-02,8.4206E-02,1.6841E-01,5.9880E-02,1.6841E-01,2.6197E-01,
5.15,7.4770E-03,2.2431E-02,5.2339E-02,1.4954E-02,4.2992E-02,9.3462E-02,2.9908E-02,8.4116E-02,1.6823E-01,5.9816E-02,1.6823E-01,2.6169E-01,
5.16,7.4690E-03,2.2407E-02,5.2283E-02,1.4938E-02,4.2946E-02,9.3362E-02,2.9876E-02,8.4026E-02,1.6805E-01,5.9752E-02,1.6805E-01,2.6141E-01,
5.17,7.4610E-03,2.2383E-02,5.2227E-02,1.4922E-02,4.2900E-02,9.3262E-02,2.9844E-02,8.3936E-02,1.6787E-01,5.9688E-02,1.6787E-01,2.6113E-01,
5.18,7.4530E-03,2.2359E-02,5.2171E-02,1.4906E-02,4.2854E-02,9.3162E-02,2.9812E-02,8.3846E-02,1.6769E-01,5.9624E-02,1.6769E-01,2.6085E-01,
5.19,7.4450E-03,2.2335E-02,5.2115E-02,1.4890E-02,4.2808E-02,9.3062E-02,2.9780E-02,8.3756E-02,1.6751E-01,5.9560E-02,1.6751E-01,2.6057E-01,
5.20,7.4370E-03,2.2311E-02,5.2059E-02,1.4874E-02,4.2762E-02,9.2962E-02,2.9748E-02,8.3666E-02,1.6733E-01,5.9496E-02,1.6733E-01,2.6029E-01,
5.21,7.4290E-03,2.2287E-02,5.2003E-02,1.4858E-02,4.2716E-02,9.2862E-02,2.9716E-02,8.3576E-02,1.6715E-01,5.9432E-02,1.6715E-01,2.6001E-01,
5.22,7.4210E-03,2.2263E-02,5.1947E-02,1.4842E-02,4.2670E-02,9.2762E-02,2.9684E-02,8.3486E-02,1.6697E-01,5.9368E-02,1.6697E-01,2.5973E-01,
5.23,7.4130E-03,2.2239E-02,5.1891E-02,1.4826E-02,4.2624E-02,9.2662E-02,2.9652E-02,8.3396E-02,1.6679E-01,5.9304E-02,1.6679E-01,2.5945E-01,
5.24,7.4050E-03,2.2215E-02,5.1835E-02,1.4810E-02,4.2578E-02,9.2562E-02,2.9620E-02,8.3306E-02,1.6661E-01,5.9240E-02,1.6661E-01,2.5917E-01,
5.25,7.3970E-03,2.2191E-02,5.1779E-02,1.4794E-02,4.2532E-02,9.2462E-02,2.9588E-02,8.3216E-02,1.6643E-01,5.9176E-02,1.6643E-01,2.5889E-01,
5.26,7.3890E-03,2.2167E-02,5.1723E-02,1.4778E-02,4.2486E-02,9.2362E-02,2.9556E-02,8.3126E-02,1.6625E-01,5.9112E-02,1.6625E-01,2.5861E-01,
5.27,7.3810E-03,2.2143E-02,5.1667E-02,1.4762E-02,4.2440E-02,9.2262E-02,2.9524E-02,8.3036E-02,1.6607E-01,5.9048E-02,1.6607E-01,2.5833E-01,
5.28,7.3730E-03,2.2119E-02,5.1611E-02,1.4746E-02,4.2394E-02,9.2162E-02,2.9492E-02,8.2946E-02,1.6589E-01,5.8984E-02,1.6589E-01,2.5805E-01,
5.29,7.3650E-03,2.2095E-02,5.1555E-02,1.4730E-02,4.2348E-02,9.2062E-02,2.9460E-02,8.2856E-02,1.6571E-01,5.8920E-02,1.6571E-01,2.5777E-01,
5.30,7.3570E-03,2.2071E-02,5.1499E-02,1.4714E-02,4.2302E-02,9.1962E-02,2.9428E-02,8.2766E-02,1.6553E-01,5.8856E-02,1.6553E-01,2.5749E-01,
5.31,7.3490E-03,2.2047E-02,5.1443E-02,1.4698E-02,4.2256E-02,9.1862E-02,2.9396E-02,8.2676E-02,1.6535E-01,5.8792E-02,1.6535E-01,2.5721E-01,
5.32,7.3410E-03,2.2023E-02,5.1387E-02,1.4682E-02,4.2210E-02,9.1762E-02,2.9364E-02,8.2586E-02,1.6517E-01,5.8728E-02,1.6517E-01,2.5693E-01,
5.33,7.3330E-03,2.1999E-02,5.1331E-02,1.4666E-02,4.2164E-02,9.1662E-02,2.9332E-02,8.2496E-02,1.6499E-01,5.8664E-02,1.6499E-01,2.5665E-01,
5.34,7.3250E-03,2.1975E-02,5.1275E-02,1.4650E-02,4.2118E-02,9.1562E-02,2.9300E-02,8.2406E-02,1.6481E-01,5.8600E-02,1.6481E-01,2.5637E-01,
5.35,7.3170E-03,2.1951E-02,5.1219E-02,1.4634E-02,4.2072E-02,9.1462E-02,2.9268E-02,8.2316E-02,1.6463E-01,5.8536E-02,1.6463E-01,2.5609E-01,
5.36,7.3090E-03,2.1927E-02,5.1163E-02,1.4618E-02,4.2026E-02,9.1362E-02,2.9236E-02,8.2226E-02,1.6445E-01,5.8472E-02,1.6445E-01,2.5581E-01,
5.37,7.3010E-03,2.1903E-02,5.1107E-02,1.4602E-02,4.1980E-02,9.1262E-02,2.9204E-02,8.2136E-02,1.6427E-01,5.8408E-02,1.6427E-01,2.5553E-01,
5.38,7.2930E-03,2.1879E-02,5.1051E-02,1.4586E-02,4.1934E-02,9.1162E-02,2.9172E-02,8.2046E-02,1.6409E-01,5.8344E-02,1.6409E-01,2.5525E-01,
5.39,7.2850E-03,2.1855E-02,5.0995E-02,1.4570E-02,4.1888E-02,9.1062E-02,2.9140E-02,8.1956E-02,1.6391E-01,5.8280E-02,1.6391E-01,2.5497E-01,
5.40,7.2770E-03,2.1831E-02,5.0939E-02,1.4554E-02,4.1842E-02,9.0962E-02,2.9108E-02,8.1866E-02,1.6373E-01,5.8216E-02,1.6373E-01,2.5469E-01,
5.41,7.2690E-03,2.1807E-02,5.0883E-02,1.4538E-02,4.1796E-02,9.0862E-02,2.9076E-02,8.1776E-02,1.6355E-01,5.8152E-02,1.6355E-01,2.5441E-01,
5.42,7.2610E-03,2.1783E-02,5.0827E-02,1.4522E-02,4.1750E-02,9.0762E-02,2.9044E-02,8.1686E-02,1.6337E-01,5.8088E-02,1.6337E-01,2.5413E-01,
5.43,7.2530E-03,2.1759E-02,5.0771E-02,1.4506E-02,4.1704E-02,9.0662E-02,2.9012E-02,8.1596E-02,1.6319E-01,5.8024E-02,1.6319E-01,2.5385E-01,
5.44,7.2450E-03,2.1735E-02,5.0715E-02,1.4490E-02,4.1658E-02,9.0562E-02,2.8980E-02,8.1506E-02,1.6301E-01,5.7960E-02,1.6301E-01,2.5357E-01,
5.45,7.2370E-03,2.1711E-02,5.0659E-02,1.4474E-02,4.1612E-02,9.0462E-02,2.8948E-02,8.1416E-02,1.6283E-01,5.7896E-02,1.6283E-01,2.5329E-01,
5.46,7.2290E-03,2.1687E-02,5.0603E-02,1.4458E-02,4.1566E-02,9.0362E-02,2.8916E-02,8.1326E-02,1.6265E-01,5.7832E-02,1.6265E-01,2.5301E-01,
5.47,7.2210E-03,2.1663E-02,5.0547E-02,1.4442E-02,4.1520E-02,9.0262E-02,2.8884E-02,8.1236E-02,1.6247E-01,5.7768E-02,1.6247E-01,2.5273E-01,
5.48,7.2130E-03,2.1639E-02,5.0491E-02,1.4426E-02,4.1474E-02,9.0162E-02,2.8852E-02,8.1146E-02,1.6229E-01,5.7704E-02,1.6229E-01,2.5245E-01,
5.49,7.2050E-03,2.1615E-02,5.0435E-02,1.4410E-02,4.1428E-02,9.0062E-02,2.8820E-02,8.1056E-02,1.6211E-01,5.7640E-02,1.6211E-01,2.5217E-01,
5.50,7.1970E-03,2.1591E-02,5.0379E-02,1.4394E-02,4.1382E-02,8.9962E-02,2.8788E-02,8.0966E-02,1.6193E-01,5.7576E-02,1.6193E-01,2.5189E-01,
5.51,7.1890E-03,2.1567E-02,5.0323E-02,1.4378E-02,4.1336E-02,8.9862E-02,2.8756E-02,8.0876E-02,1.6175E-01,5.7512E-02,1.6175E-01,2.5161E-01,
5.52,7.1810E-03,2.1543E-02,5.0267E-02,1.4362E-02,4.1290E-02,8.9762E-02,2.8724E-02,8.0786E-02,1.6157E-01,5.7448E-02,1.6157E-01,2.5133E-01,
5.53,7.1730E-03,2.1519E-02,5.0211E-02,1.4346E-02,4.1244E-02,8.9662E-02,2.8692E-02,8.0696E-02,1.6139E-01,5.7384E-02,1.6139E-01,2.5105E-01,
5.54,7.1650E-03,2.1495E-02,5.0155E-02,1.4330E-02,4.1198E-02,8.9562E-02,2.8660E-02,8.0606E-02,1.6121E-01,5.7320E-02,1.6121E-01,2.5077E-01,
5.55,7.1570E-03,2.1471E-02,5.0099E-02,1.4314E-02,4.1152E-02,8.9462E-02,2.8628E-02,8.0516E-02,1.6103E-01,5.7256E-02,1.6103E-01,2.5049E-01,
5.56,7.1490E-03,2.1447E-02,5.0043E-02,1.4298E-02,4.1106E-02,8.9362E-02,2.8596E-02,8.0426E-02,1.6085E-01,5.7192E-02,1.6085E-01,2.5021E-01,
5.57,7.1410E-03,2.1423E-02,4.9987E-02,1.4282E-02,4.1060E-02,8.9262E-02,2.8564E-02,8.0336E-02,1.6067E-01,5.7128E-02,1.6067E-01,2.4993E-01,
5.58,7.1330E-03,2.1399E-02,4.9931E-02,1.4266E-02,4.1014E-02,8.9162E-02,2.8532E-02,8.0246E-02,1.6049E-01,5.7064E-02,1.6049E-01,2.4965E-01,
5.59,7.1250E-03,2.1375E-02,4.9875E-02,1.4250E-02,4.0968E-02,8.9062E-02,2.8500E-02,8.0156E-02,1.6031E-01,5.7000E-02,1.6031E-01,2.4937E-01,
5.60,7.1170E-03,2.1351E-02,4.9819E-02,1.4234E-02,4.0922E-02,8.8962E-02,2.8468E-02,8.0066E-02,1.6013E-01,5.6936E-02,1.6013E-01,2.4909E-01,
5.61,7.1090E-03,2.1327E-02,4.9763E-02,1.4218E-02,4.0876E-02,8.8862E-02,2.8436E-02,7.9976E-02,1.5995E-01,5.6872E-02,1.5995E-01,2.4881E-01,
5.62,7.1010E-03,2.1303E-02,4.9707E-02,1.4202E-02,4.0830E-02,8.8762E-02,2.8404E-02,7.9886E-02,1.5977E-01,5.6808E-02,1.5977E-01,2.4853E-01,
5.63,7.0930E-03,2.1279E-02,4.9651E-02,1.4186E-02,4.0784E-02,8.8662E-02,2.8372E-02,7.9796E-02,1.5959E-01,5.6744E-02,1.5959E-01,2.4825E-01,
5.64,7.0850E-03,2.1255E-02,4.9595E-02,1.4170E-02,4.0738E-02,8.8562E-02,2.8340E-02,7.9706E-02,1.5941E-01,5.6680E-02,1.5941E-01,2.4797E-01,
5.65,7.0770E-03,2.1231E-02,4.9539E-02,1.4154E-02,4.0692E-02,8.8462E-02,2.8308E-02,7.9616E-02,1.5923E-01,5.6616E-02,1.5923E-01,2.4769E-01,
5.66,7.0690E-03,2.1207E-02,4.9483E-02,1.4138E-02,4.0646E-02,8.8362E-02,2.8276E-02,7.9526E-02,1.5905E-01,5.6552E-02,1.5905E-01,2.4741E-01,
5.67,7.0610E-03,2.1183E-02,4.9427E-02,1.4122E-02,4.0600E-02,8.8262E-02,2.8244E-02,7.9436E-02,1.5887E-01,5.6488E-02,1.5887E-01,2.4713E-01,
5.68,7.0530E-03,2.1159E-02,4.9371E-02,1.4106E-02,4.0554E-02,8.8162E-02,2.8212E-02,7.9346E-02,1.5869E-01,5.6424E-02,1.5869E-01,2.4685E-01,
5.69,7.0450E-03,2.1135E-02,4.9315E-02,1.4090E-02,4.0508E-02,8.8062E-02,2.8180E-02,7.9256E-02,1.5851E-01,5.6360E-02,1.5851E-01,2.4657E-01,
5.70,7.0370E-03,2.1111E-02,4.9259E-02,1.4074E-02,4.0462E-02,8.7962E-02,2.8148E-02,7.9166E-02,1.5833E-01,5.6296E-02,1.5833E-01,2.4629E-01,
5.71,7.0290E-03,2.1087E-02,4.9203E-02,1.4058E-02,4.0416E-02,8.7862E-02,2.8116E-02,7.9076E-02,1.5815E-01,5.6232E-02,1.5815E-01,2.4601E-01,
5.72,7.0210E-03,2.1063E-02,4.9147E-02,1.4042E-02,4.0370E-02,8.7762E-02,2.8084E-02,7.8986E-02,1.5797E-01,5.6168E-02,1.5797E-01,2.4573E-01,
5.73,7.0130E-03,2.1039E-02,4.9091E-02,1.4026E-02,4.0324E-02,8.7662E-02,2.8052E-02,7.8896E-02,1.5779E-01,5.6104E-02,1.5779E-01,2.4545E-01,
5.74,7.0050E-03,2.1015E-02,4.9035E-02,1.4010E-02,4.0278E-02,8.7562E-02,2.8020E-02,7.8806E-02,1.5761E-01,5.6040E-02,1.5761E-01,2.4517E-01,
5.75,6.9970E-03,2.0991E-02,4.8979E-02,1.3994E-02,4.0232E-02,8.7462E-02,2.7988E-02,7.8716E-02,1.5743E-01,5.5976E-02,1.5743E-01,2.4489E-01,
5.76,6.9890E-03,2.0967E-02,4.8923E-02,1.3978E-02,4.0186E-02,8.7362E-02,2.7956E-02,7.8626E-02,1.5725E-01,5.5912E-02,1.5725E-01,2.4461E-01,
5.77,6.9810E-03,2.0943E-02,4.8867E-02,1.3962E-02,4.0140E-02,8.7262E-02,2.7924E-02,7.8536E-02,1.5707E-01,5.5848E-02,1.5707E-01,2.4433E-01,
5.78,6.9730E-03,2.0919E-02,4.8811E-02,1.3946E-02,4.0094E-02,8.7162E-02,2.7892E-02,7.8446E-02,1.5689E-01,5.5784E-02,1.5689E-01,2.4405E-01,
5.79,6.9650E-03,2.0895E-02,4.8755E-02,1.3930E-02,4.0048E-02,8.7062E-02,2.7860E-02,7.8356E-02,1.5671E-01,5.5720E-02,1.5671E-01,2.4377E-01,
5.80,6.9570E-03,2.0871E-02,4.8699E-02,1.3914E-02,4.0002E-02,8.6962E-02,2.7828E-02,7.8266E-02,1.5653E-01,5.5656E-02,1.5653E-01,2.4349E-01,
5.81,6.9490E-03,2.0847E-02,4.8643E-02,1.3898E-02,3.9956E-02,8.6862E-02,2.7796E-02,7.8176E-02,1.5635E-01,5.5592E-02,1.5635E-01,2.4321E-01,
5.82,6.9410E-03,2.0823E-02,4.8587E-02,1.3882E-02,3.9910E-02,8.6762E-02,2.7764E-02,7.8086E-02,1.5617E-01,5.5528E-02,1.5617E-01,2.4293E-01,
5.83,6.9330E-03,2.0799E-02,4.8531E-02,1.3866E-02,3.9864E-02,8.6662E-02,2.7732E-02,7.7996E-02,1.5599E-01,5.5464E-02,1.5599E-01,2.4265E-01,
5.84,6.9250E-03,2.0775E-02,4.8475E-02,1.3850E-02,3.9818E-02,8.6562E-02,2.7700E-02,7.7906E-02,1.5581E-01,5.5400E-02,1.5581E-01,2.4237E-01,
5.85,6.9170E-03,2.0751E-02,4.8419E-02,1.3834E-02,3.9772E-02,8.6462E-02,2.7668E-02,7.7816E-02,1.5563E-01,5.5336E-02,1.5563E-01,2.4209E-01,
5.86,6.9090E-03,2.0727E-02,4.8363E-02,1.3818E-02,3.9726E-02,8.6362E-02,2.7636E-02,7.7726E-02,1.5545E-01,5.5272E-02,1.5545E-01,2.4181E-01,
5.87,6.9010E-03,2.0703E-02,4.8307E-02,1.3802E-02,3.9680E-02,8.6262E-02,2.7604E-02,7.7636E-02,1.5527E-01,5.5208E-02,1.5527E-01,2.4153E-01,
5.88,6.8930E-03,2.0679E-02,4.8251E-02,1.3786E-02,3.9634E-02,8.6162E-02,2.7572E-02,7.7546E-02,1.5509E-01,5.5144E-02,1.5509E-01,2.4125E-01,
5.89,6.8850E-03,2.0655E-02,4.8195E-02,1.3770E-02,3.9588E-02,8.6062E-02,2.7540E-02,7.7456E-02,1.5491E-01,5.5080E-02,1.5491E-01,2.4097E-01,
5.90,6.8770E-03,2.0631E-02,4.8139E-02,1.3754E-02,3.9542E-02,8.5962E-02,2.7508E-02,7.7366E-02,1.5473E-01,5.5016E-02,1.5473E-01,2.4069E-01,
5.91,6.8690E-03,2.0607E-02,4.8083E-02,1.3738E-02,3.9496E-02,8.5862E-02,2.7476E-02,7.7276E-02,1.5455E-01,5.4952E-02,1.5455E-01,2.4041E-01,
5.92,6.8610E-03,2.0583E-02,4.8027E-02,1.3722E-02,3.9450E-02,8.5762E-02,2.7444E-02,7.7186E-02,1.5437E-01,5.4888E-02,1.5437E-01,2.4013E-01,
5.93,6.8530E-03,2.0559E-02,4.7971E-02,1.3706E-02,3.9404E-02,8.5662E-02,2.7412E-02,7.7096E-02,1.5419E-01,5.4824E-02,1.5419E-01,2.3985E-01,
5.94,6.8450E-03,2.0535E-02,4.7915E-02,1.3690E-02,3.9358E-02,8.5562E-02,2.7380E-02,7.7006E-02,1.5401E-01,5.4760E-02,1.5401E-01,2.3957E-01,
5.95,6.8370E-03,2.0511E-02,4.7859E-02,1.3674E-02,3.9312E-02,8.5462E-02,2.7348E-02,7.6916E-02,1.5383E-01,5.4696E-02,1.5383E-01,2.3929E-01,
5.96,6.8290E-03,2.0487E-02,4.7803E-02,1.3658E-02,3.9266E-02,8.5362E-02,2.7316E-02,7.6826E-02,1.5365E-01,5.4632E-02,1.5365E-01,2.3901E-01,
5.97,6.8210E-03,2.0463E-02,4.7747E-02,1.3642E-02,3.9220E-02,8.5262E-02,2.7284E-02,7.6736E-02,1.5347E-01,5.4568E-02,1.5347E-01,2.3873E-01,
5.98,6.8130E-03,2.0439E-02,4.7691E-02,1.3626E-02,3.9174E-02,8.5162E-02,2.7252E-02,7.6646E-02,1.5329E-01,5.4504E-02,1.5329E-01,2.3845E-01,
5.99,6.8050E-03,2.0415E-02,4.7635E-02,1.3610E-02,3.9128E-02,8.5062E-02,2.7220E-02,7.6556E-02,1.5311E-01,5.4440E-02,1.5311E-01,2.3817E-01,
6.00,6.7970E-03,2.0391E-02,4.7579E-02,1.3594E-02,3.9082E-02,8.4962E-02,2.7188E-02,7.6466E-02,1.5293E-01,5.4376E-02,1.5293E-01,2.3789E-01,
